Series Name,Country Name,Y1970,Y1971,Y1972,Y1973,Y1974,Y1975,Y1976,Y1977,Y1978,Y1979,Y1980,Y1981,Y1982,Y1983,Y1984,Y1985,Y1986,Y1987,Y1988,Y1989,Y1990,Y1991,Y1992,Y1993,Y1994,Y1995,Y1996,Y1997,Y1998,Y1999,Y2000,Y2001,Y2002,Y2003,Y2004,Y2005,Y2006,Y2007,Y2008,Y2009,Y2010,Y2011,Y2012,Y2013,Y2014,Y2015,Y2016,Y2017,Y2018,Y2019,Y2020,Y2021,Y2022
A woman can be head of household in the same way as a man (1=yes; 0=no),Afghanistan,1,1,1,1,1,1,1,1,1,1,1,1,1,1,1,1,1,1,1,1,1,1,1,1,1,1,1,1,1,1,1,1,1,1,1,1,1,1,1,1,1,1,1,1,1,1,1,1,1,1,1,1,1
A woman can be head of household in the same way as a man (1=yes; 0=no),Algeria,0,0,0,0,0,0,0,0,0,0,0,0,0,0,0,0,0,0,0,0,0,0,0,0,0,0,0,0,0,0,0,0,0,0,0,1,1,1,1,1,1,1,1,1,1,1,1,1,1,1,1,1,1
A woman can be head of household in the same way as a man (1=yes; 0=no),Armenia,1,1,1,1,1,1,1,1,1,1,1,1,1,1,1,1,1,1,1,1,1,1,1,1,1,1,1,1,1,1,1,1,1,1,1,1,1,1,1,1,1,1,1,1,1,1,1,1,1,1,1,1,1
A woman can be head of household in the same way as a man (1=yes; 0=no),Azerbaijan,1,1,1,1,1,1,1,1,1,1,1,1,1,1,1,1,1,1,1,1,1,1,1,1,1,1,1,1,1,1,1,1,1,1,1,1,1,1,1,1,1,1,1,1,1,1,1,1,1,1,1,1,1
A woman can be head of household in the same way as a man (1=yes; 0=no),Bahrain,0,0,0,0,0,0,0,0,0,0,0,0,0,0,0,0,0,0,0,0,0,0,0,0,0,0,0,0,0,0,0,0,0,0,0,0,0,0,0,0,0,0,0,0,0,0,0,0,1,1,1,1,1
A woman can be head of household in the same way as a man (1=yes; 0=no),Cyprus,1,1,1,1,1,1,1,1,1,1,1,1,1,1,1,1,1,1,1,1,1,1,1,1,1,1,1,1,1,1,1,1,1,1,1,1,1,1,1,1,1,1,1,1,1,1,1,1,1,1,1,1,1
A woman can be head of household in the same way as a man (1=yes; 0=no),Djibouti,0,0,0,0,0,0,0,0,0,0,0,0,0,0,0,0,0,0,0,0,0,0,0,0,0,0,0,0,0,0,0,0,0,0,0,0,0,0,0,0,0,0,0,0,0,0,0,0,0,0,0,0,0
A woman can be head of household in the same way as a man (1=yes; 0=no),Georgia,1,1,1,1,1,1,1,1,1,1,1,1,1,1,1,1,1,1,1,1,1,1,1,1,1,1,1,1,1,1,1,1,1,1,1,1,1,1,1,1,1,1,1,1,1,1,1,1,1,1,1,1,1
A woman can be head of household in the same way as a man (1=yes; 0=no),Iraq,0,0,0,0,0,0,0,0,0,0,0,0,0,0,0,0,0,0,0,0,0,0,0,0,0,0,0,0,0,0,0,0,0,0,0,0,0,0,0,0,0,0,0,0,0,0,0,0,0,0,0,0,0
A woman can be head of household in the same way as a man (1=yes; 0=no),Israel,1,1,1,1,1,1,1,1,1,1,1,1,1,1,1,1,1,1,1,1,1,1,1,1,1,1,1,1,1,1,1,1,1,1,1,1,1,1,1,1,1,1,1,1,1,1,1,1,1,1,1,1,1
A woman can be head of household in the same way as a man (1=yes; 0=no),Jordan,0,0,0,0,0,0,0,0,0,0,0,0,0,0,0,0,0,0,0,0,0,0,0,0,0,0,0,0,0,0,0,0,0,0,0,0,0,0,0,0,0,0,0,0,0,0,0,0,0,0,0,0,0
A woman can be head of household in the same way as a man (1=yes; 0=no),Kuwait,1,1,1,1,1,1,1,1,1,1,1,1,1,1,1,1,1,1,1,1,1,1,1,1,1,1,1,1,1,1,1,1,1,1,1,1,1,1,1,1,1,1,1,1,1,1,1,1,1,1,1,1,1
A woman can be head of household in the same way as a man (1=yes; 0=no),Lebanon,1,1,1,1,1,1,1,1,1,1,1,1,1,1,1,1,1,1,1,1,1,1,1,1,1,1,1,1,1,1,1,1,1,1,1,1,1,1,1,1,1,1,1,1,1,1,1,1,1,1,1,1,1
A woman can be head of household in the same way as a man (1=yes; 0=no),Libya,0,0,0,0,0,0,0,0,0,0,0,0,0,0,0,0,0,0,0,0,0,0,0,0,0,0,0,0,0,0,0,0,0,0,0,0,0,0,0,0,0,0,0,0,0,0,0,0,0,0,0,0,0
A woman can be head of household in the same way as a man (1=yes; 0=no),Malta,0,0,0,0,0,0,0,0,0,0,0,0,0,0,0,0,0,0,0,0,0,0,0,0,1,1,1,1,1,1,1,1,1,1,1,1,1,1,1,1,1,1,1,1,1,1,1,1,1,1,1,1,1
A woman can be head of household in the same way as a man (1=yes; 0=no),Mauritania,0,0,0,0,0,0,0,0,0,0,0,0,0,0,0,0,0,0,0,0,0,0,0,0,0,0,0,0,0,0,0,0,0,0,0,0,0,0,0,0,0,0,0,0,0,0,0,0,0,0,0,0,0
A woman can be head of household in the same way as a man (1=yes; 0=no),Morocco,0,0,0,0,0,0,0,0,0,0,0,0,0,0,0,0,0,0,0,0,0,0,0,0,0,0,0,0,0,0,0,0,0,0,1,1,1,1,1,1,1,1,1,1,1,1,1,1,1,1,1,1,1
A woman can be head of household in the same way as a man (1=yes; 0=no),Oman,0,0,0,0,0,0,0,0,0,0,0,0,0,0,0,0,0,0,0,0,0,0,0,0,0,0,0,0,0,0,0,0,0,0,0,0,0,0,0,0,0,0,0,0,0,0,0,0,0,0,0,0,0
A woman can be head of household in the same way as a man (1=yes; 0=no),Pakistan,1,1,1,1,1,1,1,1,1,1,1,1,1,1,1,1,1,1,1,1,1,1,1,1,1,1,1,1,1,1,1,1,1,1,1,1,1,1,1,1,1,1,1,1,1,1,1,1,1,1,1,1,1
A woman can be head of household in the same way as a man (1=yes; 0=no),Qatar,1,1,1,1,1,1,1,1,1,1,1,1,1,1,1,1,1,1,1,1,1,1,1,1,1,1,1,1,1,1,1,1,1,1,1,1,1,1,1,1,1,1,1,1,1,1,1,1,1,1,1,1,1
A woman can be head of household in the same way as a man (1=yes; 0=no),Saudi Arabia,0,0,0,0,0,0,0,0,0,0,0,0,0,0,0,0,0,0,0,0,0,0,0,0,0,0,0,0,0,0,0,0,0,0,0,0,0,0,0,0,0,0,0,0,0,0,0,0,0,1,1,1,1
A woman can be head of household in the same way as a man (1=yes; 0=no),Somalia,0,0,0,0,0,0,0,0,0,0,0,0,0,0,0,0,0,0,0,0,0,0,0,0,0,0,0,0,0,0,0,0,0,0,0,0,0,0,0,0,0,0,0,0,0,0,0,0,0,0,0,0,0
A woman can be head of household in the same way as a man (1=yes; 0=no),Sudan,0,0,0,0,0,0,0,0,0,0,0,0,0,0,0,0,0,0,0,0,0,0,0,0,0,0,0,0,0,0,0,0,0,0,0,0,0,0,0,0,0,0,0,0,0,0,0,0,0,0,0,0,0
A woman can be head of household in the same way as a man (1=yes; 0=no),Tunisia,0,0,0,0,0,0,0,0,0,0,0,0,0,0,0,0,0,0,0,0,0,0,0,0,0,0,0,0,0,0,0,0,0,0,0,0,0,0,0,0,0,0,0,0,0,0,0,0,0,0,0,0,0
A woman can be head of household in the same way as a man (1=yes; 0=no),United Arab Emirates,0,0,0,0,0,0,0,0,0,0,0,0,0,0,0,0,0,0,0,0,0,0,0,0,0,0,0,0,0,0,0,0,0,0,0,0,0,0,0,0,0,0,0,0,0,0,0,0,0,1,1,1,1
A woman can obtain a judgment of divorce in the same way as a man (1=yes; 0=no),Afghanistan,0,0,0,0,0,0,0,0,0,0,0,0,0,0,0,0,0,0,0,0,0,0,0,0,0,0,0,0,0,0,0,0,0,0,0,0,0,0,0,0,0,0,0,0,0,0,0,0,0,0,0,0,0
A woman can obtain a judgment of divorce in the same way as a man (1=yes; 0=no),Algeria,0,0,0,0,0,0,0,0,0,0,0,0,0,0,0,0,0,0,0,0,0,0,0,0,0,0,0,0,0,0,0,0,0,0,0,0,0,0,0,0,0,0,0,0,0,0,0,0,0,0,0,0,0
A woman can obtain a judgment of divorce in the same way as a man (1=yes; 0=no),Armenia,1,1,1,1,1,1,1,1,1,1,1,1,1,1,1,1,1,1,1,1,1,1,1,1,1,1,1,1,1,1,1,1,1,1,1,1,1,1,1,1,1,1,1,1,1,1,1,1,1,1,1,1,1
A woman can obtain a judgment of divorce in the same way as a man (1=yes; 0=no),Azerbaijan,1,1,1,1,1,1,1,1,1,1,1,1,1,1,1,1,1,1,1,1,1,1,1,1,1,1,1,1,1,1,1,1,1,1,1,1,1,1,1,1,1,1,1,1,1,1,1,1,1,1,1,1,1
A woman can obtain a judgment of divorce in the same way as a man (1=yes; 0=no),Bahrain,0,0,0,0,0,0,0,0,0,0,0,0,0,0,0,0,0,0,0,0,0,0,0,0,0,0,0,0,0,0,0,0,0,0,0,0,0,0,0,0,0,0,0,0,0,0,0,0,0,0,0,0,0
A woman can obtain a judgment of divorce in the same way as a man (1=yes; 0=no),Cyprus,1,1,1,1,1,1,1,1,1,1,1,1,1,1,1,1,1,1,1,1,1,1,1,1,1,1,1,1,1,1,1,1,1,1,1,1,1,1,1,1,1,1,1,1,1,1,1,1,1,1,1,1,1
A woman can obtain a judgment of divorce in the same way as a man (1=yes; 0=no),Djibouti,0,0,0,0,0,0,0,0,0,0,0,0,0,0,0,0,0,0,0,0,0,0,0,0,0,0,0,0,0,0,0,0,0,0,0,0,0,0,0,0,0,0,0,0,0,0,0,0,0,0,0,0,0
A woman can obtain a judgment of divorce in the same way as a man (1=yes; 0=no),Georgia,1,1,1,1,1,1,1,1,1,1,1,1,1,1,1,1,1,1,1,1,1,1,1,1,1,1,1,1,1,1,1,1,1,1,1,1,1,1,1,1,1,1,1,1,1,1,1,1,1,1,1,1,1
A woman can obtain a judgment of divorce in the same way as a man (1=yes; 0=no),Iraq,0,0,0,0,0,0,0,0,0,0,0,0,0,0,0,0,0,0,0,0,0,0,0,0,0,0,0,0,0,0,0,0,0,0,0,0,0,0,0,0,0,0,0,0,0,0,0,0,0,0,0,0,0
A woman can obtain a judgment of divorce in the same way as a man (1=yes; 0=no),Israel,0,0,0,0,0,0,0,0,0,0,0,0,0,0,0,0,0,0,0,0,0,0,0,0,0,0,0,0,0,0,0,0,0,0,0,0,0,0,0,0,0,0,0,0,0,0,0,0,0,0,0,0,0
A woman can obtain a judgment of divorce in the same way as a man (1=yes; 0=no),Jordan,0,0,0,0,0,0,0,0,0,0,0,0,0,0,0,0,0,0,0,0,0,0,0,0,0,0,0,0,0,0,0,0,0,0,0,0,0,0,0,0,0,0,0,0,0,0,0,0,0,0,0,0,0
A woman can obtain a judgment of divorce in the same way as a man (1=yes; 0=no),Kuwait,0,0,0,0,0,0,0,0,0,0,0,0,0,0,0,0,0,0,0,0,0,0,0,0,0,0,0,0,0,0,0,0,0,0,0,0,0,0,0,0,0,0,0,0,0,0,0,0,0,0,0,0,0
A woman can obtain a judgment of divorce in the same way as a man (1=yes; 0=no),Lebanon,0,0,0,0,0,0,0,0,0,0,0,0,0,0,0,0,0,0,0,0,0,0,0,0,0,0,0,0,0,0,0,0,0,0,0,0,0,0,0,0,0,0,0,0,0,0,0,0,0,0,0,0,0
A woman can obtain a judgment of divorce in the same way as a man (1=yes; 0=no),Libya,0,0,0,0,0,0,0,0,0,0,0,0,0,0,0,0,0,0,0,0,0,0,0,0,0,0,0,0,0,0,0,0,0,0,0,0,0,0,0,0,0,0,0,0,0,0,0,0,0,0,0,0,0
A woman can obtain a judgment of divorce in the same way as a man (1=yes; 0=no),Malta,0,0,0,0,0,0,0,0,0,0,0,0,0,0,0,0,0,0,0,0,0,0,0,0,0,0,0,0,0,0,0,0,0,0,0,0,0,0,0,0,0,0,1,1,1,1,1,1,1,1,1,1,1
A woman can obtain a judgment of divorce in the same way as a man (1=yes; 0=no),Mauritania,0,0,0,0,0,0,0,0,0,0,0,0,0,0,0,0,0,0,0,0,0,0,0,0,0,0,0,0,0,0,0,0,0,0,0,0,0,0,0,0,0,0,0,0,0,0,0,0,0,0,0,0,0
A woman can obtain a judgment of divorce in the same way as a man (1=yes; 0=no),Morocco,0,0,0,0,0,0,0,0,0,0,0,0,0,0,0,0,0,0,0,0,0,0,0,0,0,0,0,0,0,0,0,0,0,0,0,0,0,0,0,0,0,0,0,0,0,0,0,0,0,0,0,0,0
A woman can obtain a judgment of divorce in the same way as a man (1=yes; 0=no),Oman,0,0,0,0,0,0,0,0,0,0,0,0,0,0,0,0,0,0,0,0,0,0,0,0,0,0,0,0,0,0,0,0,0,0,0,0,0,0,0,0,0,0,0,0,0,0,0,0,0,0,0,0,0
A woman can obtain a judgment of divorce in the same way as a man (1=yes; 0=no),Pakistan,0,0,0,0,0,0,0,0,0,0,0,0,0,0,0,0,0,0,0,0,0,0,0,0,0,0,0,0,0,0,0,0,0,0,0,0,0,0,0,0,0,0,0,0,0,0,0,0,0,0,0,0,0
A woman can obtain a judgment of divorce in the same way as a man (1=yes; 0=no),Qatar,0,0,0,0,0,0,0,0,0,0,0,0,0,0,0,0,0,0,0,0,0,0,0,0,0,0,0,0,0,0,0,0,0,0,0,0,0,0,0,0,0,0,0,0,0,0,0,0,0,0,0,0,0
A woman can obtain a judgment of divorce in the same way as a man (1=yes; 0=no),Saudi Arabia,0,0,0,0,0,0,0,0,0,0,0,0,0,0,0,0,0,0,0,0,0,0,0,0,0,0,0,0,0,0,0,0,0,0,0,0,0,0,0,0,0,0,0,0,0,0,0,0,0,0,0,0,0
A woman can obtain a judgment of divorce in the same way as a man (1=yes; 0=no),Somalia,0,0,0,0,0,0,0,0,0,0,0,0,0,0,0,0,0,0,0,0,0,0,0,0,0,0,0,0,0,0,0,0,0,0,0,0,0,0,0,0,0,0,0,0,0,0,0,0,0,0,0,0,0
A woman can obtain a judgment of divorce in the same way as a man (1=yes; 0=no),Sudan,0,0,0,0,0,0,0,0,0,0,0,0,0,0,0,0,0,0,0,0,0,0,0,0,0,0,0,0,0,0,0,0,0,0,0,0,0,0,0,0,0,0,0,0,0,0,0,0,0,0,0,0,0
A woman can obtain a judgment of divorce in the same way as a man (1=yes; 0=no),Tunisia,1,1,1,1,1,1,1,1,1,1,1,1,1,1,1,1,1,1,1,1,1,1,1,1,1,1,1,1,1,1,1,1,1,1,1,1,1,1,1,1,1,1,1,1,1,1,1,1,1,1,1,1,1
A woman can obtain a judgment of divorce in the same way as a man (1=yes; 0=no),United Arab Emirates,0,0,0,0,0,0,0,0,0,0,0,0,0,0,0,0,0,0,0,0,0,0,0,0,0,0,0,0,0,0,0,0,0,0,0,0,0,0,0,0,0,0,0,0,0,0,0,0,0,0,0,0,0
A woman can get a job in the same way as a man (1=yes; 0=no),Afghanistan,1,1,1,1,1,1,1,1,1,1,1,1,1,1,1,1,1,1,1,1,1,1,1,1,1,1,1,1,1,1,1,1,1,1,1,1,1,1,1,1,1,1,1,1,1,1,1,1,1,1,1,1,0
A woman can get a job in the same way as a man (1=yes; 0=no),Algeria,1,1,1,1,1,1,1,1,1,1,1,1,1,1,1,1,1,1,1,1,1,1,1,1,1,1,1,1,1,1,1,1,1,1,1,1,1,1,1,1,1,1,1,1,1,1,1,1,1,1,1,1,1
A woman can get a job in the same way as a man (1=yes; 0=no),Armenia,1,1,1,1,1,1,1,1,1,1,1,1,1,1,1,1,1,1,1,1,1,1,1,1,1,1,1,1,1,1,1,1,1,1,1,1,1,1,1,1,1,1,1,1,1,1,1,1,1,1,1,1,1
A woman can get a job in the same way as a man (1=yes; 0=no),Azerbaijan,1,1,1,1,1,1,1,1,1,1,1,1,1,1,1,1,1,1,1,1,1,1,1,1,1,1,1,1,1,1,1,1,1,1,1,1,1,1,1,1,1,1,1,1,1,1,1,1,1,1,1,1,1
A woman can get a job in the same way as a man (1=yes; 0=no),Bahrain,0,0,0,0,0,0,0,0,0,0,0,0,0,0,0,0,0,0,0,0,0,0,0,0,0,0,0,0,0,0,0,0,0,0,0,0,0,0,0,0,0,0,0,0,0,0,0,0,0,0,0,0,0
A woman can get a job in the same way as a man (1=yes; 0=no),Cyprus,1,1,1,1,1,1,1,1,1,1,1,1,1,1,1,1,1,1,1,1,1,1,1,1,1,1,1,1,1,1,1,1,1,1,1,1,1,1,1,1,1,1,1,1,1,1,1,1,1,1,1,1,1
A woman can get a job in the same way as a man (1=yes; 0=no),Djibouti,1,1,1,1,1,1,1,1,1,1,1,1,1,1,1,1,1,1,1,1,1,1,1,1,1,1,1,1,1,1,1,1,1,1,1,1,1,1,1,1,1,1,1,1,1,1,1,1,1,1,1,1,1
A woman can get a job in the same way as a man (1=yes; 0=no),Georgia,1,1,1,1,1,1,1,1,1,1,1,1,1,1,1,1,1,1,1,1,1,1,1,1,1,1,1,1,1,1,1,1,1,1,1,1,1,1,1,1,1,1,1,1,1,1,1,1,1,1,1,1,1
A woman can get a job in the same way as a man (1=yes; 0=no),Iraq,1,1,1,1,1,1,1,1,1,1,1,1,1,1,1,1,1,1,1,1,1,1,1,1,1,1,1,1,1,1,1,1,1,1,1,1,1,1,1,1,1,1,1,1,1,1,1,1,1,1,1,1,1
A woman can get a job in the same way as a man (1=yes; 0=no),Israel,1,1,1,1,1,1,1,1,1,1,1,1,1,1,1,1,1,1,1,1,1,1,1,1,1,1,1,1,1,1,1,1,1,1,1,1,1,1,1,1,1,1,1,1,1,1,1,1,1,1,1,1,1
A woman can get a job in the same way as a man (1=yes; 0=no),Jordan,0,0,0,0,0,0,0,0,0,0,0,0,0,0,0,0,0,0,0,0,0,0,0,0,0,0,0,0,0,0,0,0,0,0,0,0,0,0,0,0,0,0,0,0,0,0,0,0,0,0,0,0,0
A woman can get a job in the same way as a man (1=yes; 0=no),Kuwait,0,0,0,0,0,0,0,0,0,0,0,0,0,0,0,0,0,0,0,0,0,0,0,0,0,0,0,0,0,0,0,0,0,0,0,0,0,0,0,0,0,0,0,0,0,0,0,0,0,0,0,0,0
A woman can get a job in the same way as a man (1=yes; 0=no),Lebanon,1,1,1,1,1,1,1,1,1,1,1,1,1,1,1,1,1,1,1,1,1,1,1,1,1,1,1,1,1,1,1,1,1,1,1,1,1,1,1,1,1,1,1,1,1,1,1,1,1,1,1,1,1
A woman can get a job in the same way as a man (1=yes; 0=no),Libya,1,1,1,1,1,1,1,1,1,1,1,1,1,1,1,1,1,1,1,1,1,1,1,1,1,1,1,1,1,1,1,1,1,1,1,1,1,1,1,1,1,1,1,1,1,1,1,1,1,1,1,1,1
A woman can get a job in the same way as a man (1=yes; 0=no),Malta,0,0,0,0,0,0,0,0,0,0,0,1,1,1,1,1,1,1,1,1,1,1,1,1,1,1,1,1,1,1,1,1,1,1,1,1,1,1,1,1,1,1,1,1,1,1,1,1,1,1,1,1,1
A woman can get a job in the same way as a man (1=yes; 0=no),Mauritania,0,0,0,0,0,0,0,0,0,0,0,0,0,0,0,0,0,0,0,0,0,0,0,0,0,0,0,0,0,0,0,0,0,0,0,0,0,0,0,0,0,0,0,0,0,0,0,0,0,0,0,0,0
A woman can get a job in the same way as a man (1=yes; 0=no),Morocco,0,0,0,0,0,0,0,0,0,0,0,0,0,0,0,0,0,0,0,0,0,0,0,0,0,0,1,1,1,1,1,1,1,1,1,1,1,1,1,1,1,1,1,1,1,1,1,1,1,1,1,1,1
A woman can get a job in the same way as a man (1=yes; 0=no),Oman,1,1,1,1,1,1,1,1,1,1,1,1,1,1,1,1,1,1,1,1,1,1,1,1,1,1,1,1,1,1,1,1,1,1,1,1,1,1,1,1,1,1,1,1,1,1,1,1,1,1,1,1,1
A woman can get a job in the same way as a man (1=yes; 0=no),Pakistan,1,1,1,1,1,1,1,1,1,1,1,1,1,1,1,1,1,1,1,1,1,1,1,1,1,1,1,1,1,1,1,1,1,1,1,1,1,1,1,1,1,1,1,1,1,1,1,1,1,1,1,1,1
A woman can get a job in the same way as a man (1=yes; 0=no),Qatar,0,0,0,0,0,0,0,0,0,0,0,0,0,0,0,0,0,0,0,0,0,0,0,0,0,0,0,0,0,0,0,0,0,0,0,0,0,0,0,0,0,0,0,0,0,0,0,0,0,0,0,0,0
A woman can get a job in the same way as a man (1=yes; 0=no),Saudi Arabia,1,1,1,1,1,1,1,1,1,1,1,1,1,1,1,1,1,1,1,1,1,1,1,1,1,1,1,1,1,1,1,1,1,1,1,1,1,1,1,1,1,1,1,1,1,1,1,1,1,1,1,1,1
A woman can get a job in the same way as a man (1=yes; 0=no),Somalia,1,1,1,1,1,1,1,1,1,1,1,1,1,1,1,1,1,1,1,1,1,1,1,1,1,1,1,1,1,1,1,1,1,1,1,1,1,1,1,1,1,1,1,1,1,1,1,1,1,1,1,1,1
A woman can get a job in the same way as a man (1=yes; 0=no),Sudan,0,0,0,0,0,0,0,0,0,0,0,0,0,0,0,0,0,0,0,0,0,0,0,0,0,0,0,0,0,0,0,0,0,0,0,0,0,0,0,0,0,0,0,0,0,0,0,0,0,0,0,0,0
A woman can get a job in the same way as a man (1=yes; 0=no),Tunisia,1,1,1,1,1,1,1,1,1,1,1,1,1,1,1,1,1,1,1,1,1,1,1,1,1,1,1,1,1,1,1,1,1,1,1,1,1,1,1,1,1,1,1,1,1,1,1,1,1,1,1,1,1
A woman can get a job in the same way as a man (1=yes; 0=no),United Arab Emirates,0,0,0,0,0,0,0,0,0,0,0,0,0,0,0,0,0,0,0,0,0,0,0,0,0,0,0,0,0,0,0,0,0,0,0,0,0,0,0,0,0,0,0,0,0,0,0,0,0,0,1,1,1
A woman can open a bank account in the same way as a man (1=yes; 0=no),Afghanistan,1,1,1,1,1,1,1,1,1,1,1,1,1,1,1,1,1,1,1,1,1,1,1,1,1,1,1,1,1,1,1,1,1,1,1,1,1,1,1,1,1,1,1,1,1,1,1,1,1,1,1,1,1
A woman can open a bank account in the same way as a man (1=yes; 0=no),Algeria,1,1,1,1,1,1,1,1,1,1,1,1,1,1,1,1,1,1,1,1,1,1,1,1,1,1,1,1,1,1,1,1,1,1,1,1,1,1,1,1,1,1,1,1,1,1,1,1,1,1,1,1,1
A woman can open a bank account in the same way as a man (1=yes; 0=no),Armenia,1,1,1,1,1,1,1,1,1,1,1,1,1,1,1,1,1,1,1,1,1,1,1,1,1,1,1,1,1,1,1,1,1,1,1,1,1,1,1,1,1,1,1,1,1,1,1,1,1,1,1,1,1
A woman can open a bank account in the same way as a man (1=yes; 0=no),Azerbaijan,1,1,1,1,1,1,1,1,1,1,1,1,1,1,1,1,1,1,1,1,1,1,1,1,1,1,1,1,1,1,1,1,1,1,1,1,1,1,1,1,1,1,1,1,1,1,1,1,1,1,1,1,1
A woman can open a bank account in the same way as a man (1=yes; 0=no),Bahrain,1,1,1,1,1,1,1,1,1,1,1,1,1,1,1,1,1,1,1,1,1,1,1,1,1,1,1,1,1,1,1,1,1,1,1,1,1,1,1,1,1,1,1,1,1,1,1,1,1,1,1,1,1
A woman can open a bank account in the same way as a man (1=yes; 0=no),Cyprus,1,1,1,1,1,1,1,1,1,1,1,1,1,1,1,1,1,1,1,1,1,1,1,1,1,1,1,1,1,1,1,1,1,1,1,1,1,1,1,1,1,1,1,1,1,1,1,1,1,1,1,1,1
A woman can open a bank account in the same way as a man (1=yes; 0=no),Djibouti,1,1,1,1,1,1,1,1,1,1,1,1,1,1,1,1,1,1,1,1,1,1,1,1,1,1,1,1,1,1,1,1,1,1,1,1,1,1,1,1,1,1,1,1,1,1,1,1,1,1,1,1,1
A woman can open a bank account in the same way as a man (1=yes; 0=no),Georgia,1,1,1,1,1,1,1,1,1,1,1,1,1,1,1,1,1,1,1,1,1,1,1,1,1,1,1,1,1,1,1,1,1,1,1,1,1,1,1,1,1,1,1,1,1,1,1,1,1,1,1,1,1
A woman can open a bank account in the same way as a man (1=yes; 0=no),Iraq,1,1,1,1,1,1,1,1,1,1,1,1,1,1,1,1,1,1,1,1,1,1,1,1,1,1,1,1,1,1,1,1,1,1,1,1,1,1,1,1,1,1,1,1,1,1,1,1,1,1,1,1,1
A woman can open a bank account in the same way as a man (1=yes; 0=no),Israel,1,1,1,1,1,1,1,1,1,1,1,1,1,1,1,1,1,1,1,1,1,1,1,1,1,1,1,1,1,1,1,1,1,1,1,1,1,1,1,1,1,1,1,1,1,1,1,1,1,1,1,1,1
A woman can open a bank account in the same way as a man (1=yes; 0=no),Jordan,1,1,1,1,1,1,1,1,1,1,1,1,1,1,1,1,1,1,1,1,1,1,1,1,1,1,1,1,1,1,1,1,1,1,1,1,1,1,1,1,1,1,1,1,1,1,1,1,1,1,1,1,1
A woman can open a bank account in the same way as a man (1=yes; 0=no),Kuwait,1,1,1,1,1,1,1,1,1,1,1,1,1,1,1,1,1,1,1,1,1,1,1,1,1,1,1,1,1,1,1,1,1,1,1,1,1,1,1,1,1,1,1,1,1,1,1,1,1,1,1,1,1
A woman can open a bank account in the same way as a man (1=yes; 0=no),Lebanon,1,1,1,1,1,1,1,1,1,1,1,1,1,1,1,1,1,1,1,1,1,1,1,1,1,1,1,1,1,1,1,1,1,1,1,1,1,1,1,1,1,1,1,1,1,1,1,1,1,1,1,1,1
A woman can open a bank account in the same way as a man (1=yes; 0=no),Libya,1,1,1,1,1,1,1,1,1,1,1,1,1,1,1,1,1,1,1,1,1,1,1,1,1,1,1,1,1,1,1,1,1,1,1,1,1,1,1,1,1,1,1,1,1,1,1,1,1,1,1,1,1
A woman can open a bank account in the same way as a man (1=yes; 0=no),Malta,0,0,0,0,1,1,1,1,1,1,1,1,1,1,1,1,1,1,1,1,1,1,1,1,1,1,1,1,1,1,1,1,1,1,1,1,1,1,1,1,1,1,1,1,1,1,1,1,1,1,1,1,1
A woman can open a bank account in the same way as a man (1=yes; 0=no),Mauritania,1,1,1,1,1,1,1,1,1,1,1,1,1,1,1,1,1,1,1,1,1,1,1,1,1,1,1,1,1,1,1,1,1,1,1,1,1,1,1,1,1,1,1,1,1,1,1,1,1,1,1,1,1
A woman can open a bank account in the same way as a man (1=yes; 0=no),Morocco,1,1,1,1,1,1,1,1,1,1,1,1,1,1,1,1,1,1,1,1,1,1,1,1,1,1,1,1,1,1,1,1,1,1,1,1,1,1,1,1,1,1,1,1,1,1,1,1,1,1,1,1,1
A woman can open a bank account in the same way as a man (1=yes; 0=no),Oman,1,1,1,1,1,1,1,1,1,1,1,1,1,1,1,1,1,1,1,1,1,1,1,1,1,1,1,1,1,1,1,1,1,1,1,1,1,1,1,1,1,1,1,1,1,1,1,1,1,1,1,1,1
A woman can open a bank account in the same way as a man (1=yes; 0=no),Pakistan,1,1,1,1,1,1,1,1,1,1,1,1,1,1,1,0,0,0,0,0,0,0,0,0,0,0,0,0,0,0,0,0,0,0,0,0,0,0,0,0,0,0,0,0,0,0,0,0,0,0,1,0,1
A woman can open a bank account in the same way as a man (1=yes; 0=no),Qatar,1,1,1,1,1,1,1,1,1,1,1,1,1,1,1,1,1,1,1,1,1,1,1,1,1,1,1,1,1,1,1,1,1,1,1,1,1,1,1,1,1,1,1,1,1,1,1,1,1,1,1,1,1
A woman can open a bank account in the same way as a man (1=yes; 0=no),Saudi Arabia,1,1,1,1,1,1,1,1,1,1,1,1,1,1,1,1,1,1,1,1,1,1,1,1,1,1,1,1,1,1,1,1,1,1,1,1,1,1,1,1,1,1,1,1,1,1,1,1,1,1,1,1,1
A woman can open a bank account in the same way as a man (1=yes; 0=no),Somalia,1,1,1,1,1,1,1,1,1,1,1,1,1,1,1,1,1,1,1,1,1,1,1,1,1,1,1,1,1,1,1,1,1,1,1,1,1,1,1,1,1,1,1,1,1,1,1,1,1,1,1,1,1
A woman can open a bank account in the same way as a man (1=yes; 0=no),Sudan,1,1,1,1,1,1,1,1,1,1,1,1,1,1,1,1,1,1,1,1,1,1,1,1,1,1,1,1,1,1,1,1,1,1,1,1,1,1,1,1,1,1,1,1,1,1,1,1,1,1,1,1,1
A woman can open a bank account in the same way as a man (1=yes; 0=no),Tunisia,1,1,1,1,1,1,1,1,1,1,1,1,1,1,1,1,1,1,1,1,1,1,1,1,1,1,1,1,1,1,1,1,1,1,1,1,1,1,1,1,1,1,1,1,1,1,1,1,1,1,1,1,1
A woman can open a bank account in the same way as a man (1=yes; 0=no),United Arab Emirates,1,1,1,1,1,1,1,1,1,1,1,1,1,1,1,1,1,1,1,1,1,1,1,1,1,1,1,1,1,1,1,1,1,1,1,1,1,1,1,1,1,1,1,1,1,1,1,1,1,1,1,1,1
A woman can choose where to live in the same way as a man (1=yes; 0=no),Afghanistan,1,1,1,1,1,1,1,1,1,1,1,1,1,1,1,1,1,1,1,1,1,1,1,1,1,1,1,1,1,1,1,1,1,1,1,1,1,1,1,1,1,1,1,1,1,1,1,1,1,1,1,1,0
A woman can choose where to live in the same way as a man (1=yes; 0=no),Algeria,1,1,1,1,1,1,1,1,1,1,1,1,1,1,1,1,1,1,1,1,1,1,1,1,1,1,1,1,1,1,1,1,1,1,1,1,1,1,1,1,1,1,1,1,1,1,1,1,1,1,1,1,1
A woman can choose where to live in the same way as a man (1=yes; 0=no),Armenia,1,1,1,1,1,1,1,1,1,1,1,1,1,1,1,1,1,1,1,1,1,1,1,1,1,1,1,1,1,1,1,1,1,1,1,1,1,1,1,1,1,1,1,1,1,1,1,1,1,1,1,1,1
A woman can choose where to live in the same way as a man (1=yes; 0=no),Azerbaijan,1,1,1,1,1,1,1,1,1,1,1,1,1,1,1,1,1,1,1,1,1,1,1,1,1,1,1,1,1,1,1,1,1,1,1,1,1,1,1,1,1,1,1,1,1,1,1,1,1,1,1,1,1
A woman can choose where to live in the same way as a man (1=yes; 0=no),Bahrain,1,1,1,1,1,1,1,1,1,1,1,1,1,1,1,1,1,1,1,1,1,1,1,1,1,1,1,1,1,1,1,1,1,1,1,1,1,1,1,1,1,1,1,1,1,1,1,1,1,1,1,1,1
A woman can choose where to live in the same way as a man (1=yes; 0=no),Cyprus,1,1,1,1,1,1,1,1,1,1,1,1,1,1,1,1,1,1,1,1,1,1,1,1,1,1,1,1,1,1,1,1,1,1,1,1,1,1,1,1,1,1,1,1,1,1,1,1,1,1,1,1,1
A woman can choose where to live in the same way as a man (1=yes; 0=no),Djibouti,1,1,1,1,1,1,1,1,1,1,1,1,1,1,1,1,1,1,1,1,1,1,1,1,1,1,1,1,1,1,1,1,1,1,1,1,1,1,1,1,1,1,1,1,1,1,1,1,1,1,1,1,1
A woman can choose where to live in the same way as a man (1=yes; 0=no),Georgia,1,1,1,1,1,1,1,1,1,1,1,1,1,1,1,1,1,1,1,1,1,1,1,1,1,1,1,1,1,1,1,1,1,1,1,1,1,1,1,1,1,1,1,1,1,1,1,1,1,1,1,1,1
A woman can choose where to live in the same way as a man (1=yes; 0=no),Iraq,0,0,0,0,0,0,0,0,0,0,0,0,0,0,0,0,0,0,0,0,0,0,0,0,0,0,0,0,0,0,0,0,0,0,0,0,0,0,0,0,0,0,0,0,0,0,0,0,0,0,0,0,0
A woman can choose where to live in the same way as a man (1=yes; 0=no),Israel,1,1,1,1,1,1,1,1,1,1,1,1,1,1,1,1,1,1,1,1,1,1,1,1,1,1,1,1,1,1,1,1,1,1,1,1,1,1,1,1,1,1,1,1,1,1,1,1,1,1,1,1,1
A woman can choose where to live in the same way as a man (1=yes; 0=no),Jordan,0,0,0,0,0,0,0,0,0,0,0,0,0,0,0,0,0,0,0,0,0,0,0,0,0,0,0,0,0,0,0,0,0,0,0,0,0,0,0,0,0,0,0,0,0,0,0,0,0,0,0,0,0
A woman can choose where to live in the same way as a man (1=yes; 0=no),Kuwait,1,1,1,1,1,1,1,1,1,1,1,1,1,1,1,1,1,1,1,1,1,1,1,1,1,1,1,1,1,1,1,1,1,1,1,1,1,1,1,1,1,1,1,1,1,1,1,1,1,1,1,1,1
A woman can choose where to live in the same way as a man (1=yes; 0=no),Lebanon,1,1,1,1,1,1,1,1,1,1,1,1,1,1,1,1,1,1,1,1,1,1,1,1,1,1,1,1,1,1,1,1,1,1,1,1,1,1,1,1,1,1,1,1,1,1,1,1,1,1,1,1,1
A woman can choose where to live in the same way as a man (1=yes; 0=no),Libya,1,1,1,1,1,1,1,1,1,1,1,1,1,1,1,1,1,1,1,1,1,1,1,1,1,1,1,1,1,1,1,1,1,1,1,1,1,1,1,1,1,1,1,1,1,1,1,1,1,1,1,1,1
A woman can choose where to live in the same way as a man (1=yes; 0=no),Malta,1,1,1,1,1,1,1,1,1,1,1,1,1,1,1,1,1,1,1,1,1,1,1,1,1,1,1,1,1,1,1,1,1,1,1,1,1,1,1,1,1,1,1,1,1,1,1,1,1,1,1,1,1
A woman can choose where to live in the same way as a man (1=yes; 0=no),Mauritania,1,1,1,1,1,1,1,1,1,1,1,1,1,1,1,1,1,1,1,1,1,1,1,1,1,1,1,1,1,1,1,1,1,1,1,1,1,1,1,1,1,1,1,1,1,1,1,1,1,1,1,1,1
A woman can choose where to live in the same way as a man (1=yes; 0=no),Morocco,1,1,1,1,1,1,1,1,1,1,1,1,1,1,1,1,1,1,1,1,1,1,1,1,1,1,1,1,1,1,1,1,1,1,1,1,1,1,1,1,1,1,1,1,1,1,1,1,1,1,1,1,1
A woman can choose where to live in the same way as a man (1=yes; 0=no),Oman,0,0,0,0,0,0,0,0,0,0,0,0,0,0,0,0,0,0,0,0,0,0,0,0,0,0,0,0,0,0,0,0,0,0,0,0,0,0,0,0,0,0,0,0,0,0,0,0,0,0,0,0,0
A woman can choose where to live in the same way as a man (1=yes; 0=no),Pakistan,1,1,1,1,1,1,1,1,1,1,1,1,1,1,1,1,1,1,1,1,1,1,1,1,1,1,1,1,1,1,1,1,1,1,1,1,1,1,1,1,1,1,1,1,1,1,1,1,1,1,1,1,1
A woman can choose where to live in the same way as a man (1=yes; 0=no),Qatar,0,0,0,0,0,0,0,0,0,0,0,0,0,0,0,0,0,0,0,0,0,0,0,0,0,0,0,0,0,0,0,0,0,0,0,0,0,0,0,0,0,0,0,0,0,0,0,0,0,0,0,0,0
A woman can choose where to live in the same way as a man (1=yes; 0=no),Saudi Arabia,0,0,0,0,0,0,0,0,0,0,0,0,0,0,0,0,0,0,0,0,0,0,0,0,0,0,0,0,0,0,0,0,0,0,0,0,0,0,0,0,0,0,0,0,0,0,0,0,0,1,1,1,0
A woman can choose where to live in the same way as a man (1=yes; 0=no),Somalia,1,1,1,1,1,1,1,1,1,1,1,1,1,1,1,1,1,1,1,1,1,1,1,1,1,1,1,1,1,1,1,1,1,1,1,1,1,1,1,1,1,1,1,1,1,1,1,1,1,1,1,1,1
A woman can choose where to live in the same way as a man (1=yes; 0=no),Sudan,0,0,0,0,0,0,0,0,0,0,0,0,0,0,0,0,0,0,0,0,0,0,0,0,0,0,0,0,0,0,0,0,0,0,0,0,0,0,0,0,0,0,0,0,0,0,0,0,0,0,0,0,0
A woman can choose where to live in the same way as a man (1=yes; 0=no),Tunisia,1,1,1,1,1,1,1,1,1,1,1,1,1,1,1,1,1,1,1,1,1,1,1,1,1,1,1,1,1,1,1,1,1,1,1,1,1,1,1,1,1,1,1,1,1,1,1,1,1,1,1,1,1
A woman can choose where to live in the same way as a man (1=yes; 0=no),United Arab Emirates,0,0,0,0,0,0,0,0,0,0,0,0,0,0,0,0,0,0,0,0,0,0,0,0,0,0,0,0,0,0,0,0,0,0,0,0,0,0,0,0,0,0,0,0,0,0,0,0,0,0,1,1,1
A woman has the same rights to remarry as a man (1=yes; 0=no),Afghanistan,0,0,0,0,0,0,0,0,0,0,0,0,0,0,0,0,0,0,0,0,0,0,0,0,0,0,0,0,0,0,0,0,0,0,0,0,0,0,0,0,0,0,0,0,0,0,0,0,0,0,0,0,0
A woman has the same rights to remarry as a man (1=yes; 0=no),Algeria,0,0,0,0,0,0,0,0,0,0,0,0,0,0,0,0,0,0,0,0,0,0,0,0,0,0,0,0,0,0,0,0,0,0,0,0,0,0,0,0,0,0,0,0,0,0,0,0,0,0,0,0,0
A woman has the same rights to remarry as a man (1=yes; 0=no),Armenia,1,1,1,1,1,1,1,1,1,1,1,1,1,1,1,1,1,1,1,1,1,1,1,1,1,1,1,1,1,1,1,1,1,1,1,1,1,1,1,1,1,1,1,1,1,1,1,1,1,1,1,1,1
A woman has the same rights to remarry as a man (1=yes; 0=no),Azerbaijan,1,1,1,1,1,1,1,1,1,1,1,1,1,1,1,1,1,1,1,1,1,1,1,1,1,1,1,1,1,1,1,1,1,1,1,1,1,1,1,1,1,1,1,1,1,1,1,1,1,1,1,1,1
A woman has the same rights to remarry as a man (1=yes; 0=no),Bahrain,0,0,0,0,0,0,0,0,0,0,0,0,0,0,0,0,0,0,0,0,0,0,0,0,0,0,0,0,0,0,0,0,0,0,0,0,0,0,0,0,0,0,0,0,0,0,0,0,0,0,0,0,0
A woman has the same rights to remarry as a man (1=yes; 0=no),Cyprus,1,1,1,1,1,1,1,1,1,1,1,1,1,1,1,1,1,1,1,1,1,1,1,1,1,1,1,1,1,1,1,1,1,1,1,1,1,1,1,1,1,1,1,1,1,1,1,1,1,1,1,1,1
A woman has the same rights to remarry as a man (1=yes; 0=no),Djibouti,0,0,0,0,0,0,0,0,0,0,0,0,0,0,0,0,0,0,0,0,0,0,0,0,0,0,0,0,0,0,0,0,0,0,0,0,0,0,0,0,0,0,0,0,0,0,0,0,0,0,0,0,0
A woman has the same rights to remarry as a man (1=yes; 0=no),Georgia,1,1,1,1,1,1,1,1,1,1,1,1,1,1,1,1,1,1,1,1,1,1,1,1,1,1,1,1,1,1,1,1,1,1,1,1,1,1,1,1,1,1,1,1,1,1,1,1,1,1,1,1,1
A woman has the same rights to remarry as a man (1=yes; 0=no),Iraq,0,0,0,0,0,0,0,0,0,0,0,0,0,0,0,0,0,0,0,0,0,0,0,0,0,0,0,0,0,0,0,0,0,0,0,0,0,0,0,0,0,0,0,0,0,0,0,0,0,0,0,0,0
A woman has the same rights to remarry as a man (1=yes; 0=no),Israel,0,0,0,0,0,0,0,0,0,0,0,0,0,0,0,0,0,0,0,0,0,0,0,0,0,0,0,0,0,0,0,0,0,0,0,0,0,0,0,0,0,0,0,0,0,0,0,0,0,0,0,0,0
A woman has the same rights to remarry as a man (1=yes; 0=no),Jordan,0,0,0,0,0,0,0,0,0,0,0,0,0,0,0,0,0,0,0,0,0,0,0,0,0,0,0,0,0,0,0,0,0,0,0,0,0,0,0,0,0,0,0,0,0,0,0,0,0,0,0,0,0
A woman has the same rights to remarry as a man (1=yes; 0=no),Kuwait,0,0,0,0,0,0,0,0,0,0,0,0,0,0,0,0,0,0,0,0,0,0,0,0,0,0,0,0,0,0,0,0,0,0,0,0,0,0,0,0,0,0,0,0,0,0,0,0,0,0,0,0,0
A woman has the same rights to remarry as a man (1=yes; 0=no),Lebanon,0,0,0,0,0,0,0,0,0,0,0,0,0,0,0,0,0,0,0,0,0,0,0,0,0,0,0,0,0,0,0,0,0,0,0,0,0,0,0,0,0,0,0,0,0,0,0,0,0,0,0,0,0
A woman has the same rights to remarry as a man (1=yes; 0=no),Libya,0,0,0,0,0,0,0,0,0,0,0,0,0,0,0,0,0,0,0,0,0,0,0,0,0,0,0,0,0,0,0,0,0,0,0,0,0,0,0,0,0,0,0,0,0,0,0,0,0,0,0,0,0
A woman has the same rights to remarry as a man (1=yes; 0=no),Malta,0,0,0,0,0,0,0,0,0,0,0,0,0,0,0,0,0,0,0,0,0,0,0,0,0,0,0,0,0,0,0,0,0,0,0,0,0,0,0,0,0,0,1,1,1,1,1,1,1,1,1,1,1
A woman has the same rights to remarry as a man (1=yes; 0=no),Mauritania,0,0,0,0,0,0,0,0,0,0,0,0,0,0,0,0,0,0,0,0,0,0,0,0,0,0,0,0,0,0,0,0,0,0,0,0,0,0,0,0,0,0,0,0,0,0,0,0,0,0,0,0,0
A woman has the same rights to remarry as a man (1=yes; 0=no),Morocco,0,0,0,0,0,0,0,0,0,0,0,0,0,0,0,0,0,0,0,0,0,0,0,0,0,0,0,0,0,0,0,0,0,0,0,0,0,0,0,0,0,0,0,0,0,0,0,0,0,0,0,0,0
A woman has the same rights to remarry as a man (1=yes; 0=no),Oman,0,0,0,0,0,0,0,0,0,0,0,0,0,0,0,0,0,0,0,0,0,0,0,0,0,0,0,0,0,0,0,0,0,0,0,0,0,0,0,0,0,0,0,0,0,0,0,0,0,0,0,0,0
A woman has the same rights to remarry as a man (1=yes; 0=no),Pakistan,0,0,0,0,0,0,0,0,0,0,0,0,0,0,0,0,0,0,0,0,0,0,0,0,0,0,0,0,0,0,0,0,0,0,0,0,0,0,0,0,0,0,0,0,0,0,0,0,0,0,0,0,0
A woman has the same rights to remarry as a man (1=yes; 0=no),Qatar,0,0,0,0,0,0,0,0,0,0,0,0,0,0,0,0,0,0,0,0,0,0,0,0,0,0,0,0,0,0,0,0,0,0,0,0,0,0,0,0,0,0,0,0,0,0,0,0,0,0,0,0,0
A woman has the same rights to remarry as a man (1=yes; 0=no),Saudi Arabia,0,0,0,0,0,0,0,0,0,0,0,0,0,0,0,0,0,0,0,0,0,0,0,0,0,0,0,0,0,0,0,0,0,0,0,0,0,0,0,0,0,0,0,0,0,0,0,0,0,0,0,0,0
A woman has the same rights to remarry as a man (1=yes; 0=no),Somalia,0,0,0,0,0,0,0,0,0,0,0,0,0,0,0,0,0,0,0,0,0,0,0,0,0,0,0,0,0,0,0,0,0,0,0,0,0,0,0,0,0,0,0,0,0,0,0,0,0,0,0,0,0
A woman has the same rights to remarry as a man (1=yes; 0=no),Sudan,0,0,0,0,0,0,0,0,0,0,0,0,0,0,0,0,0,0,0,0,0,0,0,0,0,0,0,0,0,0,0,0,0,0,0,0,0,0,0,0,0,0,0,0,0,0,0,0,0,0,0,0,0
A woman has the same rights to remarry as a man (1=yes; 0=no),Tunisia,0,0,0,0,0,0,0,0,0,0,0,0,0,0,0,0,0,0,0,0,0,0,0,0,0,0,0,0,0,0,0,0,0,0,0,0,0,0,0,0,0,0,0,0,0,0,0,0,0,0,0,0,0
A woman has the same rights to remarry as a man (1=yes; 0=no),United Arab Emirates,0,0,0,0,0,0,0,0,0,0,0,0,0,0,0,0,0,0,0,0,0,0,0,0,0,0,0,0,0,0,0,0,0,0,0,0,0,0,0,0,0,0,0,0,0,0,0,0,0,0,0,0,0
A woman can travel outside her home in the same way as a man (1=yes; 0=no),Afghanistan,0,0,0,0,0,0,0,0,0,0,0,0,0,0,0,0,0,0,0,0,0,0,0,0,0,0,0,0,0,0,0,0,0,0,0,0,0,0,0,0,0,0,0,0,0,0,1,1,1,1,1,1,1
A woman can travel outside her home in the same way as a man (1=yes; 0=no),Algeria,0,0,0,0,0,0,0,0,0,0,0,0,0,0,0,0,0,0,0,0,0,0,0,0,0,0,0,0,0,0,0,0,0,0,0,0,0,0,0,0,0,0,0,0,0,0,0,0,0,0,0,0,0
A woman can travel outside her home in the same way as a man (1=yes; 0=no),Armenia,1,1,1,1,1,1,1,1,1,1,1,1,1,1,1,1,1,1,1,1,1,1,1,1,1,1,1,1,1,1,1,1,1,1,1,1,1,1,1,1,1,1,1,1,1,1,1,1,1,1,1,1,1
A woman can travel outside her home in the same way as a man (1=yes; 0=no),Azerbaijan,1,1,1,1,1,1,1,1,1,1,1,1,1,1,1,1,1,1,1,1,1,1,1,1,1,1,1,1,1,1,1,1,1,1,1,1,1,1,1,1,1,1,1,1,1,1,1,1,1,1,1,1,1
A woman can travel outside her home in the same way as a man (1=yes; 0=no),Bahrain,0,0,0,0,0,0,0,0,0,0,0,0,0,0,0,0,0,0,0,0,0,0,0,0,0,0,0,0,0,0,0,0,0,0,0,0,1,1,1,1,1,1,1,1,1,1,1,1,1,1,1,1,1
A woman can travel outside her home in the same way as a man (1=yes; 0=no),Cyprus,0,0,0,0,0,0,0,0,0,0,0,0,0,0,0,0,0,0,0,0,0,0,0,0,0,0,0,0,0,0,0,0,0,0,0,0,0,0,0,0,0,0,0,0,0,0,0,0,0,0,0,1,1
A woman can travel outside her home in the same way as a man (1=yes; 0=no),Djibouti,1,1,1,1,1,1,1,1,1,1,1,1,1,1,1,1,1,1,1,1,1,1,1,1,1,1,1,1,1,1,1,1,1,1,1,1,1,1,1,1,1,1,1,1,1,1,1,1,1,1,1,1,1
A woman can travel outside her home in the same way as a man (1=yes; 0=no),Georgia,1,1,1,1,1,1,1,1,1,1,1,1,1,1,1,1,1,1,1,1,1,1,1,1,1,1,1,1,1,1,1,1,1,1,1,1,1,1,1,1,1,1,1,1,1,1,1,1,1,1,1,1,1
A woman can travel outside her home in the same way as a man (1=yes; 0=no),Iraq,0,0,0,0,0,0,0,0,0,0,0,0,0,0,0,0,0,0,0,0,0,0,0,0,0,0,0,0,0,0,0,0,0,0,0,0,0,0,0,0,0,0,0,0,0,0,1,1,1,1,1,1,1
A woman can travel outside her home in the same way as a man (1=yes; 0=no),Israel,1,1,1,1,1,1,1,1,1,1,1,1,1,1,1,1,1,1,1,1,1,1,1,1,1,1,1,1,1,1,1,1,1,1,1,1,1,1,1,1,1,1,1,1,1,1,1,1,1,1,1,1,1
A woman can travel outside her home in the same way as a man (1=yes; 0=no),Jordan,0,0,0,0,0,0,0,0,0,0,0,0,0,0,0,0,0,0,0,0,0,0,0,0,0,0,0,0,0,0,0,0,0,0,0,0,0,0,0,0,0,0,0,0,0,0,0,0,0,0,1,1,1
A woman can travel outside her home in the same way as a man (1=yes; 0=no),Kuwait,0,0,0,0,0,0,0,0,0,0,0,0,0,0,0,0,0,0,0,0,0,0,0,0,0,0,0,0,0,0,0,0,0,0,0,0,0,0,0,0,1,1,1,1,1,1,1,1,1,1,1,1,1
A woman can travel outside her home in the same way as a man (1=yes; 0=no),Lebanon,1,1,1,1,1,1,1,1,1,1,1,1,1,1,1,1,1,1,1,1,1,1,1,1,1,1,1,1,1,1,1,1,1,1,1,1,1,1,1,1,1,1,1,1,1,1,1,1,1,1,1,1,1
A woman can travel outside her home in the same way as a man (1=yes; 0=no),Libya,0,0,0,0,0,0,0,0,0,0,0,0,0,0,0,0,0,0,0,0,0,0,0,0,0,0,0,0,0,0,0,0,0,0,0,0,0,0,0,0,0,0,0,0,0,0,0,0,0,0,0,0,0
A woman can travel outside her home in the same way as a man (1=yes; 0=no),Malta,1,1,1,1,1,1,1,1,1,1,1,1,1,1,1,1,1,1,1,1,1,1,1,1,1,1,1,1,1,1,1,1,1,1,1,1,1,1,1,1,1,1,1,1,1,1,1,1,1,1,1,1,1
A woman can travel outside her home in the same way as a man (1=yes; 0=no),Mauritania,1,1,1,1,1,1,1,1,1,1,1,1,1,1,1,1,1,1,1,1,1,1,1,1,1,1,1,1,1,1,1,1,1,1,1,1,1,1,1,1,1,1,1,1,1,1,1,1,1,1,1,1,1
A woman can travel outside her home in the same way as a man (1=yes; 0=no),Morocco,0,0,0,0,0,0,0,0,0,0,0,0,0,0,0,0,0,0,0,0,0,0,0,0,1,1,1,1,1,1,1,1,1,1,1,1,1,1,1,1,1,1,1,1,1,1,1,1,1,1,1,1,1
A woman can travel outside her home in the same way as a man (1=yes; 0=no),Oman,0,0,0,0,0,0,0,0,0,0,0,0,0,0,0,0,0,0,0,0,0,0,0,0,0,0,0,0,0,0,0,0,0,0,0,0,0,0,0,0,0,0,0,0,0,0,0,0,0,0,0,1,1
A woman can travel outside her home in the same way as a man (1=yes; 0=no),Pakistan,0,0,0,0,0,0,0,0,0,0,0,0,0,0,0,0,0,0,0,0,0,0,0,0,0,0,0,0,0,0,0,0,0,0,0,0,0,0,0,0,0,0,0,0,0,0,0,0,0,0,0,0,0
A woman can travel outside her home in the same way as a man (1=yes; 0=no),Qatar,0,0,0,0,0,0,0,0,0,0,0,0,0,0,0,0,0,0,0,0,0,0,0,0,0,0,0,0,0,0,0,0,0,0,0,0,0,1,1,1,1,1,1,1,1,1,1,1,1,1,1,1,1
A woman can travel outside her home in the same way as a man (1=yes; 0=no),Saudi Arabia,0,0,0,0,0,0,0,0,0,0,0,0,0,0,0,0,0,0,0,0,0,0,0,0,0,0,0,0,0,0,0,0,0,0,0,0,0,0,0,0,0,0,0,0,0,0,0,0,0,1,1,1,1
A woman can travel outside her home in the same way as a man (1=yes; 0=no),Somalia,1,1,1,1,1,1,1,1,1,1,1,1,1,1,1,1,1,1,1,1,1,1,1,1,1,1,1,1,1,1,1,1,1,1,1,1,1,1,1,1,1,1,1,1,1,1,1,1,1,1,1,1,1
A woman can travel outside her home in the same way as a man (1=yes; 0=no),Sudan,0,0,0,0,0,0,0,0,0,0,0,0,0,0,0,0,0,0,0,0,0,0,0,0,0,0,0,0,0,0,0,0,0,0,0,0,0,0,0,0,0,0,0,0,0,0,0,0,0,0,0,0,0
A woman can travel outside her home in the same way as a man (1=yes; 0=no),Tunisia,1,1,1,1,1,1,1,1,1,1,1,1,1,1,1,1,1,1,1,1,1,1,1,1,1,1,1,1,1,1,1,1,1,1,1,1,1,1,1,1,1,1,1,1,1,1,1,1,1,1,1,1,1
A woman can travel outside her home in the same way as a man (1=yes; 0=no),United Arab Emirates,0,0,0,0,0,0,0,0,0,0,0,0,0,0,0,0,0,0,0,0,0,0,0,0,0,0,0,0,0,0,0,0,0,0,0,0,0,0,0,0,0,0,0,0,0,0,0,0,1,1,1,1,1
A woman can travel outside the country in the same way as a man (1=yes; 0=no),Afghanistan,0,0,0,0,0,0,0,0,0,0,0,0,0,0,0,0,0,0,0,0,0,0,0,0,0,0,0,0,0,0,0,0,0,0,0,0,0,0,0,0,0,0,0,0,0,0,0,0,0,0,0,0,0
A woman can travel outside the country in the same way as a man (1=yes; 0=no),Algeria,0,0,0,0,0,0,0,0,0,0,0,0,0,0,0,0,0,0,0,0,0,0,0,0,0,0,0,0,0,0,0,0,0,0,0,1,1,1,1,1,1,1,1,1,1,1,1,1,1,1,1,1,1
A woman can travel outside the country in the same way as a man (1=yes; 0=no),Armenia,1,1,1,1,1,1,1,1,1,1,1,1,1,1,1,1,1,1,1,1,1,1,1,1,1,1,1,1,1,1,1,1,1,1,1,1,1,1,1,1,1,1,1,1,1,1,1,1,1,1,1,1,1
A woman can travel outside the country in the same way as a man (1=yes; 0=no),Azerbaijan,1,1,1,1,1,1,1,1,1,1,1,1,1,1,1,1,1,1,1,1,1,1,1,1,1,1,1,1,1,1,1,1,1,1,1,1,1,1,1,1,1,1,1,1,1,1,1,1,1,1,1,1,1
A woman can travel outside the country in the same way as a man (1=yes; 0=no),Bahrain,0,0,0,0,0,0,0,0,0,0,0,0,0,0,0,0,0,0,0,0,0,0,0,0,0,0,0,0,0,0,0,0,0,0,0,0,0,0,0,0,0,0,0,0,0,0,0,0,0,0,0,0,0
A woman can travel outside the country in the same way as a man (1=yes; 0=no),Cyprus,1,1,1,1,1,1,1,1,1,1,1,1,1,1,1,1,1,1,1,1,1,1,1,1,1,1,1,1,1,1,1,1,1,1,1,1,1,1,1,1,1,1,1,1,1,1,1,1,1,1,1,1,1
A woman can travel outside the country in the same way as a man (1=yes; 0=no),Djibouti,1,1,1,1,1,1,1,1,1,1,1,1,1,1,1,1,1,1,1,1,1,1,1,1,1,1,1,1,1,1,1,1,1,1,1,1,1,1,1,1,1,1,1,1,1,1,1,1,1,1,1,1,1
A woman can travel outside the country in the same way as a man (1=yes; 0=no),Georgia,1,1,1,1,1,1,1,1,1,1,1,1,1,1,1,1,1,1,1,1,1,1,1,1,1,1,1,1,1,1,1,1,1,1,1,1,1,1,1,1,1,1,1,1,1,1,1,1,1,1,1,1,1
A woman can travel outside the country in the same way as a man (1=yes; 0=no),Iraq,0,0,0,0,0,0,0,0,0,0,0,0,0,0,0,0,0,0,0,0,0,0,0,0,0,0,0,0,0,0,0,0,0,0,0,0,0,0,0,0,0,0,0,0,0,0,0,0,0,0,0,0,0
A woman can travel outside the country in the same way as a man (1=yes; 0=no),Israel,1,1,1,1,1,1,1,1,1,1,1,1,1,1,1,1,1,1,1,1,1,1,1,1,1,1,1,1,1,1,1,1,1,1,1,1,1,1,1,1,1,1,1,1,1,1,1,1,1,1,1,1,1
A woman can travel outside the country in the same way as a man (1=yes; 0=no),Jordan,0,0,0,0,0,0,0,0,0,0,0,0,0,0,0,0,0,0,0,0,0,0,0,0,0,0,0,0,0,0,0,0,0,0,0,0,0,0,0,0,0,0,0,0,0,0,0,0,0,0,0,0,0
A woman can travel outside the country in the same way as a man (1=yes; 0=no),Kuwait,0,0,0,0,0,0,0,0,0,0,0,0,0,0,0,0,0,0,0,0,0,0,0,0,0,0,0,0,0,0,0,0,0,0,0,0,0,0,0,0,0,0,0,0,0,0,0,0,0,0,0,0,0
A woman can travel outside the country in the same way as a man (1=yes; 0=no),Lebanon,1,1,1,1,1,1,1,1,1,1,1,1,1,1,1,1,1,1,1,1,1,1,1,1,1,1,1,1,1,1,1,1,1,1,1,1,1,1,1,1,1,1,1,1,1,1,1,1,1,1,1,1,1
A woman can travel outside the country in the same way as a man (1=yes; 0=no),Libya,1,1,1,1,1,1,1,1,1,1,1,1,1,1,1,1,1,1,1,1,1,1,1,1,1,1,1,1,1,1,1,1,1,1,1,1,1,1,1,1,1,1,1,1,1,1,1,1,1,1,1,1,1
A woman can travel outside the country in the same way as a man (1=yes; 0=no),Malta,1,1,1,1,1,1,1,1,1,1,1,1,1,1,1,1,1,1,1,1,1,1,1,1,1,1,1,1,1,1,1,1,1,1,1,1,1,1,1,1,1,1,1,1,1,1,1,1,1,1,1,1,1
A woman can travel outside the country in the same way as a man (1=yes; 0=no),Mauritania,1,1,1,1,1,1,1,1,1,1,1,1,1,1,1,1,1,1,1,1,1,1,1,1,1,1,1,1,1,1,1,1,1,1,1,1,1,1,1,1,1,1,1,1,1,1,1,1,1,1,1,1,1
A woman can travel outside the country in the same way as a man (1=yes; 0=no),Morocco,1,1,1,1,1,1,1,1,1,1,1,1,1,1,1,1,1,1,1,1,1,1,1,1,1,1,1,1,1,1,1,1,1,1,1,1,1,1,1,1,1,1,1,1,1,1,1,1,1,1,1,1,1
A woman can travel outside the country in the same way as a man (1=yes; 0=no),Oman,0,0,0,0,0,0,0,0,0,0,0,0,0,0,0,0,0,0,0,0,0,0,0,0,0,0,0,0,0,0,0,0,0,0,0,0,0,0,0,0,0,0,0,0,0,0,0,0,0,0,0,0,0
A woman can travel outside the country in the same way as a man (1=yes; 0=no),Pakistan,1,1,1,1,1,1,1,1,1,1,1,1,1,1,1,1,1,1,1,1,1,1,1,1,1,1,1,1,1,1,1,1,1,1,1,1,1,1,1,1,1,1,1,1,1,1,1,1,1,1,1,1,1
A woman can travel outside the country in the same way as a man (1=yes; 0=no),Qatar,0,0,0,0,0,0,0,0,0,0,0,0,0,0,0,0,0,0,0,0,0,0,0,0,0,0,0,0,0,0,0,0,0,0,0,0,0,0,0,0,0,0,0,0,0,0,0,0,0,0,0,0,0
A woman can travel outside the country in the same way as a man (1=yes; 0=no),Saudi Arabia,0,0,0,0,0,0,0,0,0,0,0,0,0,0,0,0,0,0,0,0,0,0,0,0,0,0,0,0,0,0,0,0,0,0,0,0,0,0,0,0,0,0,0,0,0,0,0,0,0,1,1,1,1
A woman can travel outside the country in the same way as a man (1=yes; 0=no),Somalia,1,1,1,1,1,1,1,1,1,1,1,1,1,1,1,1,1,1,1,1,1,1,1,1,1,1,1,1,1,1,1,1,1,1,1,1,1,1,1,1,1,1,1,1,1,1,1,1,1,1,1,1,1
A woman can travel outside the country in the same way as a man (1=yes; 0=no),Sudan,0,0,0,0,0,0,0,0,0,0,0,0,0,0,0,0,0,0,0,0,0,0,0,0,0,0,0,0,0,0,0,0,0,0,0,0,0,0,0,0,0,0,0,0,0,0,0,0,0,0,0,0,0
A woman can travel outside the country in the same way as a man (1=yes; 0=no),Tunisia,1,1,1,1,1,1,1,1,1,1,1,1,1,1,1,1,1,1,1,1,1,1,1,1,1,1,1,1,1,1,1,1,1,1,1,1,1,1,1,1,1,1,1,1,1,1,1,1,1,1,1,1,1
A woman can travel outside the country in the same way as a man (1=yes; 0=no),United Arab Emirates,0,0,0,0,0,0,0,0,0,0,0,0,0,0,0,0,0,0,0,0,0,0,0,0,0,0,0,0,0,0,0,0,0,0,0,0,0,0,0,0,0,0,0,0,0,0,0,0,0,0,1,1,1
Men and women have equal ownership rights to immovable property (1=yes; 0=no),Afghanistan,1,1,1,1,1,1,1,1,1,1,1,1,1,1,1,1,1,1,1,1,1,1,1,1,1,1,1,1,1,1,1,1,1,1,1,1,1,1,1,1,1,1,1,1,1,1,1,1,1,1,1,1,1
Men and women have equal ownership rights to immovable property (1=yes; 0=no),Algeria,1,1,1,1,1,1,1,1,1,1,1,1,1,1,1,1,1,1,1,1,1,1,1,1,1,1,1,1,1,1,1,1,1,1,1,1,1,1,1,1,1,1,1,1,1,1,1,1,1,1,1,1,1
Men and women have equal ownership rights to immovable property (1=yes; 0=no),Armenia,1,1,1,1,1,1,1,1,1,1,1,1,1,1,1,1,1,1,1,1,1,1,1,1,1,1,1,1,1,1,1,1,1,1,1,1,1,1,1,1,1,1,1,1,1,1,1,1,1,1,1,1,1
Men and women have equal ownership rights to immovable property (1=yes; 0=no),Azerbaijan,1,1,1,1,1,1,1,1,1,1,1,1,1,1,1,1,1,1,1,1,1,1,1,1,1,1,1,1,1,1,1,1,1,1,1,1,1,1,1,1,1,1,1,1,1,1,1,1,1,1,1,1,1
Men and women have equal ownership rights to immovable property (1=yes; 0=no),Bahrain,1,1,1,1,1,1,1,1,1,1,1,1,1,1,1,1,1,1,1,1,1,1,1,1,1,1,1,1,1,1,1,1,1,1,1,1,1,1,1,1,1,1,1,1,1,1,1,1,1,1,1,1,1
Men and women have equal ownership rights to immovable property (1=yes; 0=no),Cyprus,1,1,1,1,1,1,1,1,1,1,1,1,1,1,1,1,1,1,1,1,1,1,1,1,1,1,1,1,1,1,1,1,1,1,1,1,1,1,1,1,1,1,1,1,1,1,1,1,1,1,1,1,1
Men and women have equal ownership rights to immovable property (1=yes; 0=no),Djibouti,1,1,1,1,1,1,1,1,1,1,1,1,1,1,1,1,1,1,1,1,1,1,1,1,1,1,1,1,1,1,1,1,1,1,1,1,1,1,1,1,1,1,1,1,1,1,1,1,1,1,1,1,1
Men and women have equal ownership rights to immovable property (1=yes; 0=no),Georgia,1,1,1,1,1,1,1,1,1,1,1,1,1,1,1,1,1,1,1,1,1,1,1,1,1,1,1,1,1,1,1,1,1,1,1,1,1,1,1,1,1,1,1,1,1,1,1,1,1,1,1,1,1
Men and women have equal ownership rights to immovable property (1=yes; 0=no),Iraq,1,1,1,1,1,1,1,1,1,1,1,1,1,1,1,1,1,1,1,1,1,1,1,1,1,1,1,1,1,1,1,1,1,1,1,1,1,1,1,1,1,1,1,1,1,1,1,1,1,1,1,1,1
Men and women have equal ownership rights to immovable property (1=yes; 0=no),Israel,1,1,1,1,1,1,1,1,1,1,1,1,1,1,1,1,1,1,1,1,1,1,1,1,1,1,1,1,1,1,1,1,1,1,1,1,1,1,1,1,1,1,1,1,1,1,1,1,1,1,1,1,1
Men and women have equal ownership rights to immovable property (1=yes; 0=no),Jordan,1,1,1,1,1,1,1,1,1,1,1,1,1,1,1,1,1,1,1,1,1,1,1,1,1,1,1,1,1,1,1,1,1,1,1,1,1,1,1,1,1,1,1,1,1,1,1,1,1,1,1,1,1
Men and women have equal ownership rights to immovable property (1=yes; 0=no),Kuwait,1,1,1,1,1,1,1,1,1,1,1,1,1,1,1,1,1,1,1,1,1,1,1,1,1,1,1,1,1,1,1,1,1,1,1,1,1,1,1,1,1,1,1,1,1,1,1,1,1,1,1,1,1
Men and women have equal ownership rights to immovable property (1=yes; 0=no),Lebanon,1,1,1,1,1,1,1,1,1,1,1,1,1,1,1,1,1,1,1,1,1,1,1,1,1,1,1,1,1,1,1,1,1,1,1,1,1,1,1,1,1,1,1,1,1,1,1,1,1,1,1,1,1
Men and women have equal ownership rights to immovable property (1=yes; 0=no),Libya,1,1,1,1,1,1,1,1,1,1,1,1,1,1,1,1,1,1,1,1,1,1,1,1,1,1,1,1,1,1,1,1,1,1,1,1,1,1,1,1,1,1,1,1,1,1,1,1,1,1,1,1,1
Men and women have equal ownership rights to immovable property (1=yes; 0=no),Malta,0,0,0,0,0,0,0,0,0,0,0,0,0,0,0,0,0,0,0,0,0,0,0,0,1,1,1,1,1,1,1,1,1,1,1,1,1,1,1,1,1,1,1,1,1,1,1,1,1,1,1,1,1
Men and women have equal ownership rights to immovable property (1=yes; 0=no),Mauritania,0,0,0,0,0,0,0,0,0,0,0,0,0,0,0,0,0,0,0,0,0,0,0,0,0,0,0,0,0,0,0,0,0,0,0,0,0,0,0,0,0,0,0,0,0,0,0,0,0,0,0,0,0
Men and women have equal ownership rights to immovable property (1=yes; 0=no),Morocco,1,1,1,1,1,1,1,1,1,1,1,1,1,1,1,1,1,1,1,1,1,1,1,1,1,1,1,1,1,1,1,1,1,1,1,1,1,1,1,1,1,1,1,1,1,1,1,1,1,1,1,1,1
Men and women have equal ownership rights to immovable property (1=yes; 0=no),Oman,1,1,1,1,1,1,1,1,1,1,1,1,1,1,1,1,1,1,1,1,1,1,1,1,1,1,1,1,1,1,1,1,1,1,1,1,1,1,1,1,1,1,1,1,1,1,1,1,1,1,1,1,1
Men and women have equal ownership rights to immovable property (1=yes; 0=no),Pakistan,1,1,1,1,1,1,1,1,1,1,1,1,1,1,1,1,1,1,1,1,1,1,1,1,1,1,1,1,1,1,1,1,1,1,1,1,1,1,1,1,1,1,1,1,1,1,1,1,1,1,1,1,1
Men and women have equal ownership rights to immovable property (1=yes; 0=no),Qatar,1,1,1,1,1,1,1,1,1,1,1,1,1,1,1,1,1,1,1,1,1,1,1,1,1,1,1,1,1,1,1,1,1,1,1,1,1,1,1,1,1,1,1,1,1,1,1,1,1,1,1,1,1
Men and women have equal ownership rights to immovable property (1=yes; 0=no),Saudi Arabia,1,1,1,1,1,1,1,1,1,1,1,1,1,1,1,1,1,1,1,1,1,1,1,1,1,1,1,1,1,1,1,1,1,1,1,1,1,1,1,1,1,1,1,1,1,1,1,1,1,1,1,1,1
Men and women have equal ownership rights to immovable property (1=yes; 0=no),Somalia,1,1,1,1,1,1,1,1,1,1,1,1,1,1,1,1,1,1,1,1,1,1,1,1,1,1,1,1,1,1,1,1,1,1,1,1,1,1,1,1,1,1,1,1,1,1,1,1,1,1,1,1,1
Men and women have equal ownership rights to immovable property (1=yes; 0=no),Sudan,1,1,1,1,1,1,1,1,1,1,1,1,1,1,1,1,1,1,1,1,1,1,1,1,1,1,1,1,1,1,1,1,1,1,1,1,1,1,1,1,1,1,1,1,1,1,1,1,1,1,1,1,1
Men and women have equal ownership rights to immovable property (1=yes; 0=no),Tunisia,1,1,1,1,1,1,1,1,1,1,1,1,1,1,1,1,1,1,1,1,1,1,1,1,1,1,1,1,1,1,1,1,1,1,1,1,1,1,1,1,1,1,1,1,1,1,1,1,1,1,1,1,1
Men and women have equal ownership rights to immovable property (1=yes; 0=no),United Arab Emirates,1,1,1,1,1,1,1,1,1,1,1,1,1,1,1,1,1,1,1,1,1,1,1,1,1,1,1,1,1,1,1,1,1,1,1,1,1,1,1,1,1,1,1,1,1,1,1,1,1,1,1,1,1
The law is free of legal provisions that require a married woman to obey her husband (1=yes; 0=no),Afghanistan,0,0,0,0,0,0,0,0,0,0,0,0,0,0,0,0,0,0,0,0,0,0,0,0,0,0,0,0,0,0,0,0,0,0,0,0,0,0,0,0,0,0,0,0,0,0,0,0,0,0,0,0,0
The law is free of legal provisions that require a married woman to obey her husband (1=yes; 0=no),Algeria,0,0,0,0,0,0,0,0,0,0,0,0,0,0,0,0,0,0,0,0,0,0,0,0,0,0,0,0,0,0,0,0,0,0,0,1,1,1,1,1,1,1,1,1,1,1,1,1,1,1,1,1,1
The law is free of legal provisions that require a married woman to obey her husband (1=yes; 0=no),Armenia,1,1,1,1,1,1,1,1,1,1,1,1,1,1,1,1,1,1,1,1,1,1,1,1,1,1,1,1,1,1,1,1,1,1,1,1,1,1,1,1,1,1,1,1,1,1,1,1,1,1,1,1,1
The law is free of legal provisions that require a married woman to obey her husband (1=yes; 0=no),Azerbaijan,1,1,1,1,1,1,1,1,1,1,1,1,1,1,1,1,1,1,1,1,1,1,1,1,1,1,1,1,1,1,1,1,1,1,1,1,1,1,1,1,1,1,1,1,1,1,1,1,1,1,1,1,1
The law is free of legal provisions that require a married woman to obey her husband (1=yes; 0=no),Bahrain,0,0,0,0,0,0,0,0,0,0,0,0,0,0,0,0,0,0,0,0,0,0,0,0,0,0,0,0,0,0,0,0,0,0,0,0,0,0,0,0,0,0,0,0,0,0,0,0,0,0,0,0,0
The law is free of legal provisions that require a married woman to obey her husband (1=yes; 0=no),Cyprus,1,1,1,1,1,1,1,1,1,1,1,1,1,1,1,1,1,1,1,1,1,1,1,1,1,1,1,1,1,1,1,1,1,1,1,1,1,1,1,1,1,1,1,1,1,1,1,1,1,1,1,1,1
The law is free of legal provisions that require a married woman to obey her husband (1=yes; 0=no),Djibouti,0,0,0,0,0,0,0,0,0,0,0,0,0,0,0,0,0,0,0,0,0,0,0,0,0,0,0,0,0,0,0,0,0,0,0,0,0,0,0,0,0,0,0,0,0,0,0,0,0,0,0,0,0
The law is free of legal provisions that require a married woman to obey her husband (1=yes; 0=no),Georgia,1,1,1,1,1,1,1,1,1,1,1,1,1,1,1,1,1,1,1,1,1,1,1,1,1,1,1,1,1,1,1,1,1,1,1,1,1,1,1,1,1,1,1,1,1,1,1,1,1,1,1,1,1
The law is free of legal provisions that require a married woman to obey her husband (1=yes; 0=no),Iraq,0,0,0,0,0,0,0,0,0,0,0,0,0,0,0,0,0,0,0,0,0,0,0,0,0,0,0,0,0,0,0,0,0,0,0,0,0,0,0,0,0,0,0,0,0,0,0,0,0,0,0,0,0
The law is free of legal provisions that require a married woman to obey her husband (1=yes; 0=no),Israel,1,1,1,1,1,1,1,1,1,1,1,1,1,1,1,1,1,1,1,1,1,1,1,1,1,1,1,1,1,1,1,1,1,1,1,1,1,1,1,1,1,1,1,1,1,1,1,1,1,1,1,1,1
The law is free of legal provisions that require a married woman to obey her husband (1=yes; 0=no),Jordan,0,0,0,0,0,0,0,0,0,0,0,0,0,0,0,0,0,0,0,0,0,0,0,0,0,0,0,0,0,0,0,0,0,0,0,0,0,0,0,0,0,0,0,0,0,0,0,0,0,0,0,0,0
The law is free of legal provisions that require a married woman to obey her husband (1=yes; 0=no),Kuwait,0,0,0,0,0,0,0,0,0,0,0,0,0,0,0,0,0,0,0,0,0,0,0,0,0,0,0,0,0,0,0,0,0,0,0,0,0,0,0,0,0,0,0,0,0,0,0,0,0,0,0,0,0
The law is free of legal provisions that require a married woman to obey her husband (1=yes; 0=no),Lebanon,1,1,1,1,1,1,1,1,1,1,1,1,1,1,1,1,1,1,1,1,1,1,1,1,1,1,1,1,1,1,1,1,1,1,1,1,1,1,1,1,1,1,1,1,1,1,1,1,1,1,1,1,1
The law is free of legal provisions that require a married woman to obey her husband (1=yes; 0=no),Libya,0,0,0,0,0,0,0,0,0,0,0,0,0,0,1,1,1,1,1,1,1,1,1,1,1,1,1,1,1,1,1,1,1,1,1,1,1,1,1,1,1,1,1,1,1,1,1,1,1,1,1,1,1
The law is free of legal provisions that require a married woman to obey her husband (1=yes; 0=no),Malta,1,1,1,1,1,1,1,1,1,1,1,1,1,1,1,1,1,1,1,1,1,1,1,1,1,1,1,1,1,1,1,1,1,1,1,1,1,1,1,1,1,1,1,1,1,1,1,1,1,1,1,1,1
The law is free of legal provisions that require a married woman to obey her husband (1=yes; 0=no),Mauritania,0,0,0,0,0,0,0,0,0,0,0,0,0,0,0,0,0,0,0,0,0,0,0,0,0,0,0,0,0,0,0,0,0,0,0,0,0,0,0,0,0,0,0,0,0,0,0,0,0,0,0,0,0
The law is free of legal provisions that require a married woman to obey her husband (1=yes; 0=no),Morocco,0,0,0,0,0,0,0,0,0,0,0,0,0,0,0,0,0,0,0,0,0,0,0,0,0,0,0,0,0,0,0,0,0,0,1,1,1,1,1,1,1,1,1,1,1,1,1,1,1,1,1,1,1
The law is free of legal provisions that require a married woman to obey her husband (1=yes; 0=no),Oman,1,1,1,1,1,1,1,1,1,1,1,1,1,1,1,1,1,1,1,1,1,1,1,1,1,1,1,1,1,1,1,1,1,1,1,1,1,1,1,1,1,1,1,1,1,1,1,1,1,1,1,1,1
The law is free of legal provisions that require a married woman to obey her husband (1=yes; 0=no),Pakistan,1,1,1,1,1,1,1,1,1,1,1,1,1,1,1,1,1,1,1,1,1,1,1,1,1,1,1,1,1,1,1,1,1,1,1,1,1,1,1,1,1,1,1,1,1,1,1,1,1,1,1,1,1
The law is free of legal provisions that require a married woman to obey her husband (1=yes; 0=no),Qatar,0,0,0,0,0,0,0,0,0,0,0,0,0,0,0,0,0,0,0,0,0,0,0,0,0,0,0,0,0,0,0,0,0,0,0,0,0,0,0,0,0,0,0,0,0,0,0,0,0,0,0,0,0
The law is free of legal provisions that require a married woman to obey her husband (1=yes; 0=no),Saudi Arabia,0,0,0,0,0,0,0,0,0,0,0,0,0,0,0,0,0,0,0,0,0,0,0,0,0,0,0,0,0,0,0,0,0,0,0,0,0,0,0,0,0,0,0,0,0,0,0,0,0,1,1,1,0
The law is free of legal provisions that require a married woman to obey her husband (1=yes; 0=no),Somalia,1,1,1,1,1,1,1,1,1,1,1,1,1,1,1,1,1,1,1,1,1,1,1,1,1,1,1,1,1,1,1,1,1,1,1,1,1,1,1,1,1,1,1,1,1,1,1,1,1,1,1,1,1
The law is free of legal provisions that require a married woman to obey her husband (1=yes; 0=no),Sudan,0,0,0,0,0,0,0,0,0,0,0,0,0,0,0,0,0,0,0,0,0,0,0,0,0,0,0,0,0,0,0,0,0,0,0,0,0,0,0,0,0,0,0,0,0,0,0,0,0,0,0,0,0
The law is free of legal provisions that require a married woman to obey her husband (1=yes; 0=no),Tunisia,0,0,0,0,0,0,0,0,0,0,0,0,0,0,0,0,0,0,0,0,0,0,0,0,1,1,1,1,1,1,1,1,1,1,1,1,1,1,1,1,1,1,1,1,1,1,1,1,1,1,1,1,1
The law is free of legal provisions that require a married woman to obey her husband (1=yes; 0=no),United Arab Emirates,0,0,0,0,0,0,0,0,0,0,0,0,0,0,0,0,0,0,0,0,0,0,0,0,0,0,0,0,0,0,0,0,0,0,0,0,0,0,0,0,0,0,0,0,0,0,0,0,0,0,1,1,1
The law grants spouses equal administrative authority over assets during marriage (1=yes; 0=no),Afghanistan,1,1,1,1,1,1,1,1,1,1,1,1,1,1,1,1,1,1,1,1,1,1,1,1,1,1,1,1,1,1,1,1,1,1,1,1,1,1,1,1,1,1,1,1,1,1,1,1,1,1,1,1,1
The law grants spouses equal administrative authority over assets during marriage (1=yes; 0=no),Algeria,1,1,1,1,1,1,1,1,1,1,1,1,1,1,1,1,1,1,1,1,1,1,1,1,1,1,1,1,1,1,1,1,1,1,1,1,1,1,1,1,1,1,1,1,1,1,1,1,1,1,1,1,1
The law grants spouses equal administrative authority over assets during marriage (1=yes; 0=no),Armenia,1,1,1,1,1,1,1,1,1,1,1,1,1,1,1,1,1,1,1,1,1,1,1,1,1,1,1,1,1,1,1,1,1,1,1,1,1,1,1,1,1,1,1,1,1,1,1,1,1,1,1,1,1
The law grants spouses equal administrative authority over assets during marriage (1=yes; 0=no),Azerbaijan,1,1,1,1,1,1,1,1,1,1,1,1,1,1,1,1,1,1,1,1,1,1,1,1,1,1,1,1,1,1,1,1,1,1,1,1,1,1,1,1,1,1,1,1,1,1,1,1,1,1,1,1,1
The law grants spouses equal administrative authority over assets during marriage (1=yes; 0=no),Bahrain,1,1,1,1,1,1,1,1,1,1,1,1,1,1,1,1,1,1,1,1,1,1,1,1,1,1,1,1,1,1,1,1,1,1,1,1,1,1,1,1,1,1,1,1,1,1,1,1,1,1,1,1,1
The law grants spouses equal administrative authority over assets during marriage (1=yes; 0=no),Cyprus,1,1,1,1,1,1,1,1,1,1,1,1,1,1,1,1,1,1,1,1,1,1,1,1,1,1,1,1,1,1,1,1,1,1,1,1,1,1,1,1,1,1,1,1,1,1,1,1,1,1,1,1,1
The law grants spouses equal administrative authority over assets during marriage (1=yes; 0=no),Djibouti,1,1,1,1,1,1,1,1,1,1,1,1,1,1,1,1,1,1,1,1,1,1,1,1,1,1,1,1,1,1,1,1,1,1,1,1,1,1,1,1,1,1,1,1,1,1,1,1,1,1,1,1,1
The law grants spouses equal administrative authority over assets during marriage (1=yes; 0=no),Georgia,1,1,1,1,1,1,1,1,1,1,1,1,1,1,1,1,1,1,1,1,1,1,1,1,1,1,1,1,1,1,1,1,1,1,1,1,1,1,1,1,1,1,1,1,1,1,1,1,1,1,1,1,1
The law grants spouses equal administrative authority over assets during marriage (1=yes; 0=no),Iraq,1,1,1,1,1,1,1,1,1,1,1,1,1,1,1,1,1,1,1,1,1,1,1,1,1,1,1,1,1,1,1,1,1,1,1,1,1,1,1,1,1,1,1,1,1,1,1,1,1,1,1,1,1
The law grants spouses equal administrative authority over assets during marriage (1=yes; 0=no),Israel,1,1,1,1,1,1,1,1,1,1,1,1,1,1,1,1,1,1,1,1,1,1,1,1,1,1,1,1,1,1,1,1,1,1,1,1,1,1,1,1,1,1,1,1,1,1,1,1,1,1,1,1,1
The law grants spouses equal administrative authority over assets during marriage (1=yes; 0=no),Jordan,1,1,1,1,1,1,1,1,1,1,1,1,1,1,1,1,1,1,1,1,1,1,1,1,1,1,1,1,1,1,1,1,1,1,1,1,1,1,1,1,1,1,1,1,1,1,1,1,1,1,1,1,1
The law grants spouses equal administrative authority over assets during marriage (1=yes; 0=no),Kuwait,1,1,1,1,1,1,1,1,1,1,1,1,1,1,1,1,1,1,1,1,1,1,1,1,1,1,1,1,1,1,1,1,1,1,1,1,1,1,1,1,1,1,1,1,1,1,1,1,1,1,1,1,1
The law grants spouses equal administrative authority over assets during marriage (1=yes; 0=no),Lebanon,1,1,1,1,1,1,1,1,1,1,1,1,1,1,1,1,1,1,1,1,1,1,1,1,1,1,1,1,1,1,1,1,1,1,1,1,1,1,1,1,1,1,1,1,1,1,1,1,1,1,1,1,1
The law grants spouses equal administrative authority over assets during marriage (1=yes; 0=no),Libya,1,1,1,1,1,1,1,1,1,1,1,1,1,1,1,1,1,1,1,1,1,1,1,1,1,1,1,1,1,1,1,1,1,1,1,1,1,1,1,1,1,1,1,1,1,1,1,1,1,1,1,1,1
The law grants spouses equal administrative authority over assets during marriage (1=yes; 0=no),Malta,0,0,0,0,0,0,0,0,0,0,0,0,0,0,0,0,0,0,0,0,0,0,0,0,1,1,1,1,1,1,1,1,1,1,1,1,1,1,1,1,1,1,1,1,1,1,1,1,1,1,1,1,1
The law grants spouses equal administrative authority over assets during marriage (1=yes; 0=no),Mauritania,0,0,0,0,0,0,0,0,0,0,0,0,0,0,0,0,0,0,0,0,0,0,0,0,0,0,0,0,0,0,0,0,0,0,0,0,0,0,0,0,0,0,0,0,0,0,0,0,0,0,0,0,0
The law grants spouses equal administrative authority over assets during marriage (1=yes; 0=no),Morocco,1,1,1,1,1,1,1,1,1,1,1,1,1,1,1,1,1,1,1,1,1,1,1,1,1,1,1,1,1,1,1,1,1,1,1,1,1,1,1,1,1,1,1,1,1,1,1,1,1,1,1,1,1
The law grants spouses equal administrative authority over assets during marriage (1=yes; 0=no),Oman,1,1,1,1,1,1,1,1,1,1,1,1,1,1,1,1,1,1,1,1,1,1,1,1,1,1,1,1,1,1,1,1,1,1,1,1,1,1,1,1,1,1,1,1,1,1,1,1,1,1,1,1,1
The law grants spouses equal administrative authority over assets during marriage (1=yes; 0=no),Pakistan,1,1,1,1,1,1,1,1,1,1,1,1,1,1,1,1,1,1,1,1,1,1,1,1,1,1,1,1,1,1,1,1,1,1,1,1,1,1,1,1,1,1,1,1,1,1,1,1,1,1,1,1,1
The law grants spouses equal administrative authority over assets during marriage (1=yes; 0=no),Qatar,1,1,1,1,1,1,1,1,1,1,1,1,1,1,1,1,1,1,1,1,1,1,1,1,1,1,1,1,1,1,1,1,1,1,1,1,1,1,1,1,1,1,1,1,1,1,1,1,1,1,1,1,1
The law grants spouses equal administrative authority over assets during marriage (1=yes; 0=no),Saudi Arabia,1,1,1,1,1,1,1,1,1,1,1,1,1,1,1,1,1,1,1,1,1,1,1,1,1,1,1,1,1,1,1,1,1,1,1,1,1,1,1,1,1,1,1,1,1,1,1,1,1,1,1,1,1
The law grants spouses equal administrative authority over assets during marriage (1=yes; 0=no),Somalia,1,1,1,1,1,1,1,1,1,1,1,1,1,1,1,1,1,1,1,1,1,1,1,1,1,1,1,1,1,1,1,1,1,1,1,1,1,1,1,1,1,1,1,1,1,1,1,1,1,1,1,1,1
The law grants spouses equal administrative authority over assets during marriage (1=yes; 0=no),Sudan,1,1,1,1,1,1,1,1,1,1,1,1,1,1,1,1,1,1,1,1,1,1,1,1,1,1,1,1,1,1,1,1,1,1,1,1,1,1,1,1,1,1,1,1,1,1,1,1,1,1,1,1,1
The law grants spouses equal administrative authority over assets during marriage (1=yes; 0=no),Tunisia,1,1,1,1,1,1,1,1,1,1,1,1,1,1,1,1,1,1,1,1,1,1,1,1,1,1,1,1,1,1,1,1,1,1,1,1,1,1,1,1,1,1,1,1,1,1,1,1,1,1,1,1,1
The law grants spouses equal administrative authority over assets during marriage (1=yes; 0=no),United Arab Emirates,1,1,1,1,1,1,1,1,1,1,1,1,1,1,1,1,1,1,1,1,1,1,1,1,1,1,1,1,1,1,1,1,1,1,1,1,1,1,1,1,1,1,1,1,1,1,1,1,1,1,1,1,1
The government administers 100% of maternity leave benefits (1=yes; 0=no),Afghanistan,0,0,0,0,0,0,0,0,0,0,0,0,0,0,0,0,0,0,0,0,0,0,0,0,0,0,0,0,0,0,0,0,0,0,0,0,0,0,0,0,0,0,0,0,0,0,0,0,0,0,0,0,0
The government administers 100% of maternity leave benefits (1=yes; 0=no),Algeria,0,0,0,0,0,1,1,1,1,1,1,1,1,1,1,1,1,1,1,1,1,1,1,1,1,1,1,1,1,1,1,1,1,1,1,1,1,1,1,1,1,1,1,1,1,1,1,1,1,1,1,1,1
The government administers 100% of maternity leave benefits (1=yes; 0=no),Armenia,1,1,1,1,1,1,1,1,1,1,1,1,1,1,1,1,1,1,1,1,1,1,1,1,1,1,1,1,1,1,1,1,1,1,1,1,1,1,1,1,1,1,1,1,1,1,1,1,1,1,1,1,1
The government administers 100% of maternity leave benefits (1=yes; 0=no),Azerbaijan,1,1,1,1,1,1,1,1,1,1,1,1,1,1,1,1,1,1,1,1,1,1,1,1,1,1,1,1,1,1,1,1,1,1,1,1,1,1,1,1,1,1,1,1,1,1,1,1,1,1,1,1,1
The government administers 100% of maternity leave benefits (1=yes; 0=no),Bahrain,0,0,0,0,0,0,0,0,0,0,0,0,0,0,0,0,0,0,0,0,0,0,0,0,0,0,0,0,0,0,0,0,0,0,0,0,0,0,0,0,0,0,0,0,0,0,0,0,0,0,0,0,0
The government administers 100% of maternity leave benefits (1=yes; 0=no),Cyprus,1,1,1,1,1,1,1,1,1,1,1,1,1,1,1,1,1,1,1,1,1,1,1,1,1,1,1,1,1,1,1,1,1,1,1,1,1,1,1,1,1,1,1,1,1,1,1,1,1,1,1,1,1
The government administers 100% of maternity leave benefits (1=yes; 0=no),Djibouti,0,0,0,0,0,0,0,0,0,0,0,0,0,0,0,0,0,0,0,0,0,0,0,0,0,0,0,0,0,0,0,0,0,0,0,0,0,0,0,0,0,0,0,0,0,0,0,0,0,0,0,0,0
The government administers 100% of maternity leave benefits (1=yes; 0=no),Georgia,1,1,1,1,1,1,1,1,1,1,1,1,1,1,1,1,1,1,1,1,1,1,1,1,1,1,1,1,1,1,1,1,1,1,1,1,1,1,1,1,1,1,1,1,1,1,1,1,1,1,1,1,1
The government administers 100% of maternity leave benefits (1=yes; 0=no),Iraq,0,0,0,0,0,0,0,0,0,0,0,0,0,0,0,0,0,0,0,0,0,0,0,0,0,0,0,0,0,0,0,0,0,0,0,0,0,0,0,0,0,0,0,0,0,0,0,0,0,0,0,0,0
The government administers 100% of maternity leave benefits (1=yes; 0=no),Israel,1,1,1,1,1,1,1,1,1,1,1,1,1,1,1,1,1,1,1,1,1,1,1,1,1,1,1,1,1,1,1,1,1,1,1,1,1,1,1,1,1,1,1,1,1,1,1,1,1,1,1,1,1
The government administers 100% of maternity leave benefits (1=yes; 0=no),Jordan,0,0,0,0,0,0,0,0,0,1,1,1,1,1,1,1,1,1,1,1,1,1,1,1,1,1,1,1,1,1,1,1,1,1,1,1,1,1,1,1,1,1,1,1,1,1,1,1,1,1,1,1,1
The government administers 100% of maternity leave benefits (1=yes; 0=no),Kuwait,0,0,0,0,0,0,0,0,0,0,0,0,0,0,0,0,0,0,0,0,0,0,0,0,0,0,0,0,0,0,0,0,0,0,0,0,0,0,0,0,0,0,0,0,0,0,0,0,0,0,0,0,0
The government administers 100% of maternity leave benefits (1=yes; 0=no),Lebanon,0,0,0,0,0,0,0,0,0,0,0,0,0,0,0,0,0,0,0,0,0,0,0,0,0,0,0,0,0,0,0,0,0,0,0,0,0,0,0,0,0,0,0,0,0,0,0,0,0,0,0,0,0
The government administers 100% of maternity leave benefits (1=yes; 0=no),Libya,0,0,0,0,0,0,0,0,0,0,0,0,0,0,0,0,0,0,0,0,0,0,0,0,0,0,0,0,0,0,0,0,0,0,0,0,0,0,0,0,0,0,0,0,0,0,0,0,0,0,0,0,0
The government administers 100% of maternity leave benefits (1=yes; 0=no),Malta,0,0,0,0,0,0,0,0,0,0,0,0,0,0,0,0,0,0,0,0,0,0,0,0,0,0,0,0,0,0,0,0,0,0,0,0,0,0,0,0,0,0,0,0,0,0,0,0,0,0,0,0,0
The government administers 100% of maternity leave benefits (1=yes; 0=no),Mauritania,1,1,1,1,1,1,1,1,1,1,1,1,1,1,1,1,1,1,1,1,1,1,1,1,1,1,1,1,1,1,1,1,1,1,1,1,1,1,1,1,1,1,1,1,1,1,1,1,1,1,1,1,1
The government administers 100% of maternity leave benefits (1=yes; 0=no),Morocco,1,1,1,1,1,1,1,1,1,1,1,1,1,1,1,1,1,1,1,1,1,1,1,1,1,1,1,1,1,1,1,1,1,1,1,1,1,1,1,1,1,1,1,1,1,1,1,1,1,1,1,1,1
The government administers 100% of maternity leave benefits (1=yes; 0=no),Oman,0,0,0,0,0,0,0,0,0,0,0,0,0,0,0,0,0,0,0,0,0,0,0,0,0,0,0,0,0,0,0,0,0,0,0,0,0,0,0,0,0,0,0,0,0,0,0,0,0,0,0,0,0
The government administers 100% of maternity leave benefits (1=yes; 0=no),Pakistan,0,0,0,0,0,0,0,0,0,0,0,0,0,0,0,0,0,0,0,0,0,0,0,0,0,0,0,0,0,0,0,0,0,0,0,0,0,0,0,0,0,0,0,0,0,0,0,0,0,0,0,0,0
The government administers 100% of maternity leave benefits (1=yes; 0=no),Qatar,0,0,0,0,0,0,0,0,0,0,0,0,0,0,0,0,0,0,0,0,0,0,0,0,0,0,0,0,0,0,0,0,0,0,0,0,0,0,0,0,0,0,0,0,0,0,0,0,0,0,0,0,0
The government administers 100% of maternity leave benefits (1=yes; 0=no),Saudi Arabia,0,0,0,0,0,0,0,0,0,0,0,0,0,0,0,0,0,0,0,0,0,0,0,0,0,0,0,0,0,0,0,0,0,0,0,0,0,0,0,0,0,0,0,0,0,0,0,0,0,0,0,0,0
The government administers 100% of maternity leave benefits (1=yes; 0=no),Somalia,0,0,0,0,0,0,0,0,0,0,0,0,0,0,0,0,0,0,0,0,0,0,0,0,0,0,0,0,0,0,0,0,0,0,0,0,0,0,0,0,0,0,0,0,0,0,0,0,0,0,0,0,0
The government administers 100% of maternity leave benefits (1=yes; 0=no),Sudan,0,0,0,0,0,0,0,0,0,0,0,0,0,0,0,0,0,0,0,0,0,0,0,0,0,0,0,0,0,0,0,0,0,0,0,0,0,0,0,0,0,0,0,0,0,0,0,0,0,0,0,0,0
The government administers 100% of maternity leave benefits (1=yes; 0=no),Tunisia,1,1,1,1,1,1,1,1,1,1,1,1,1,1,1,1,1,1,1,1,1,1,1,1,1,1,1,1,1,1,1,1,1,1,1,1,1,1,1,1,1,1,1,1,1,1,1,1,1,1,1,1,1
The government administers 100% of maternity leave benefits (1=yes; 0=no),United Arab Emirates,0,0,0,0,0,0,0,0,0,0,0,0,0,0,0,0,0,0,0,0,0,0,0,0,0,0,0,0,0,0,0,0,0,0,0,0,0,0,0,0,0,0,0,0,0,0,0,0,0,0,0,0,0
Women whose first experience of spousal physical or sexual violence was within two years of marriage  (% of currently married women age 15-49 who have been married only once),Afghanistan,,,,,,,,,,,,,,,,,,,,,,,,,,,,,,,,,,,,,,,,,,,,,,28.5,,,,,,,
Women whose first experience of spousal physical or sexual violence was within two years of marriage  (% of currently married women age 15-49 who have been married only once),Armenia,,,,,,,,,,,,,,,,,,,,,,,,,,,,,,,,,,,,,,,,,,,,,,,1.2,,,,,,
Women whose first experience of spousal physical or sexual violence was within two years of marriage  (% of currently married women age 15-49 who have been married only once),Azerbaijan,,,,,,,,,,,,,,,,,,,,,,,,,,,,,,,,,,,,,4.7,,,,,,,,,,,,,,,,
Women whose first experience of spousal physical or sexual violence was within two years of marriage  (% of currently married women age 15-49 who have been married only once),Jordan,,,,,,,,,,,,,,,,,,,,,,,,,,,,,,,,,,,,,,,,,,,,,,,,,8.9,,,,
Women whose first experience of spousal physical or sexual violence was within two years of marriage  (% of currently married women age 15-49 who have been married only once),Pakistan,,,,,,,,,,,,,,,,,,,,,,,,,,,,,,,,,,,,,,,,,,,,14,,,,,11,,,,
Women whose first experience of spousal physical or sexual violence was within five years of marriage  (% of currently married women age 15-49 who have been married only once),Afghanistan,,,,,,,,,,,,,,,,,,,,,,,,,,,,,,,,,,,,,,,,,,,,,,43.9,,,,,,,
Women whose first experience of spousal physical or sexual violence was within five years of marriage  (% of currently married women age 15-49 who have been married only once),Armenia,,,,,,,,,,,,,,,,,,,,,,,,,,,,,,,,,,,,,,,,,,,,,,,3.5,,,,,,
Women whose first experience of spousal physical or sexual violence was within five years of marriage  (% of currently married women age 15-49 who have been married only once),Azerbaijan,,,,,,,,,,,,,,,,,,,,,,,,,,,,,,,,,,,,,8.3,,,,,,,,,,,,,,,,
Women whose first experience of spousal physical or sexual violence was within five years of marriage  (% of currently married women age 15-49 who have been married only once),Jordan,,,,,,,,,,,,,,,,,,,,,,,,,,,,,,,,,,,,,,,,,,,,,,,,,14.6,,,,
Women whose first experience of spousal physical or sexual violence was within five years of marriage  (% of currently married women age 15-49 who have been married only once),Pakistan,,,,,,,,,,,,,,,,,,,,,,,,,,,,,,,,,,,,,,,,,,,,22.3,,,,,19.2,,,,
Women whose first experience of spousal physical or sexual violence was within ten years of marriage  (% of currently married women age 15-49 who have been married only once),Afghanistan,,,,,,,,,,,,,,,,,,,,,,,,,,,,,,,,,,,,,,,,,,,,,,48,,,,,,,
Women whose first experience of spousal physical or sexual violence was within ten years of marriage  (% of currently married women age 15-49 who have been married only once),Armenia,,,,,,,,,,,,,,,,,,,,,,,,,,,,,,,,,,,,,,,,,,,,,,,4.4,,,,,,
Women whose first experience of spousal physical or sexual violence was within ten years of marriage  (% of currently married women age 15-49 who have been married only once),Azerbaijan,,,,,,,,,,,,,,,,,,,,,,,,,,,,,,,,,,,,,9.6,,,,,,,,,,,,,,,,
Women whose first experience of spousal physical or sexual violence was within ten years of marriage  (% of currently married women age 15-49 who have been married only once),Jordan,,,,,,,,,,,,,,,,,,,,,,,,,,,,,,,,,,,,,,,,,,,,,,,,,15.5,,,,
Women whose first experience of spousal physical or sexual violence was within ten years of marriage  (% of currently married women age 15-49 who have been married only once),Pakistan,,,,,,,,,,,,,,,,,,,,,,,,,,,,,,,,,,,,,,,,,,,,24.5,,,,,21.7,,,,
Women whose first experience of spousal physical or sexual violence was before marriage  (% of currently married women age 15-49 who have been married only once),Afghanistan,,,,,,,,,,,,,,,,,,,,,,,,,,,,,,,,,,,,,,,,,,,,,,0.7,,,,,,,
Women whose first experience of spousal physical or sexual violence was before marriage  (% of currently married women age 15-49 who have been married only once),Armenia,,,,,,,,,,,,,,,,,,,,,,,,,,,,,,,,,,,,,,,,,,,,,,,0,,,,,,
Women whose first experience of spousal physical or sexual violence was before marriage  (% of currently married women age 15-49 who have been married only once),Azerbaijan,,,,,,,,,,,,,,,,,,,,,,,,,,,,,,,,,,,,,0.1,,,,,,,,,,,,,,,,
Women whose first experience of spousal physical or sexual violence was before marriage  (% of currently married women age 15-49 who have been married only once),Jordan,,,,,,,,,,,,,,,,,,,,,,,,,,,,,,,,,,,,,,,,,,,,,,,,,0.1,,,,
Women whose first experience of spousal physical or sexual violence was before marriage  (% of currently married women age 15-49 who have been married only once),Pakistan,,,,,,,,,,,,,,,,,,,,,,,,,,,,,,,,,,,,,,,,,,,,,,,,,0.1,,,,
Women who who have experienced injuries resulting from spousal violence (% of ever-married women ages 15-49 who have ever experienced any physical or sexual violence),Afghanistan,,,,,,,,,,,,,,,,,,,,,,,,,,,,,,,,,,,,,,,,,,,,,,26,,,,,,,
Women who who have experienced injuries resulting from spousal violence (% of ever-married women ages 15-49 who have ever experienced any physical or sexual violence),Armenia,,,,,,,,,,,,,,,,,,,,,,,,,,,,,,,,,,,,,,,,,,,,,,,40.2,,,,,,
Women who who have experienced injuries resulting from spousal violence (% of ever-married women ages 15-49 who have ever experienced any physical or sexual violence),Azerbaijan,,,,,,,,,,,,,,,,,,,,,,,,,,,,,,,,,,,,,39.3,,,,,,,,,,,,,,,,
Women who who have experienced injuries resulting from spousal violence (% of ever-married women ages 15-49 who have ever experienced any physical or sexual violence),Jordan,,,,,,,,,,,,,,,,,,,,,,,,,,,,,,,,,,,,,,22.5,,,,,30.2,,,,,,24.4,,,,
Women who who have experienced injuries resulting from spousal violence (% of ever-married women ages 15-49 who have ever experienced any physical or sexual violence),Pakistan,,,,,,,,,,,,,,,,,,,,,,,,,,,,,,,,,,,,,,,,,,,,,,,,,25.5,,,,
"Women who never sought help to stop violence, but told someone (% of ever-married women ages 15-49 who have ever experienced any physical or sexual violence)",Afghanistan,,,,,,,,,,,,,,,,,,,,,,,,,,,,,,,,,,,,,,,,,,,,,,15.2,,,,,,,
"Women who never sought help to stop violence, but told someone (% of ever-married women ages 15-49 who have ever experienced any physical or sexual violence)",Armenia,,,,,,,,,,,,,,,,,,,,,,,,,,,,,,,,,,,,,,,,,,,,,,,28.6,,,,,,
"Women who never sought help to stop violence, but told someone (% of ever-married women ages 15-49 who have ever experienced any physical or sexual violence)",Azerbaijan,,,,,,,,,,,,,,,,,,,,,,,,,,,,,,,,,,,,,12.9,,,,,,,,,,,,,,,,
"Women who never sought help to stop violence, but told someone (% of ever-married women ages 15-49 who have ever experienced any physical or sexual violence)",Jordan,,,,,,,,,,,,,,,,,,,,,,,,,,,,,,,,,,,,,,,,,,,12.5,,,,,,13.8,,,,
"Women who never sought help to stop violence, but told someone (% of ever-married women ages 15-49 who have ever experienced any physical or sexual violence)",Pakistan,,,,,,,,,,,,,,,,,,,,,,,,,,,,,,,,,,,,,,,,,,,,10.3,,,,,13.6,,,,
"Women who never sought help to stop violence, and never told anyone  (% of ever-married women ages 15-49 who have ever experienced any physical or sexual violence)",Afghanistan,,,,,,,,,,,,,,,,,,,,,,,,,,,,,,,,,,,,,,,,,,,,,,61.3,,,,,,,
"Women who never sought help to stop violence, and never told anyone  (% of ever-married women ages 15-49 who have ever experienced any physical or sexual violence)",Armenia,,,,,,,,,,,,,,,,,,,,,,,,,,,,,,,,,,,,,,,,,,,,,,,39.8,,,,,,
"Women who never sought help to stop violence, and never told anyone  (% of ever-married women ages 15-49 who have ever experienced any physical or sexual violence)",Azerbaijan,,,,,,,,,,,,,,,,,,,,,,,,,,,,,,,,,,,,,43.3,,,,,,,,,,,,,,,,
"Women who never sought help to stop violence, and never told anyone  (% of ever-married women ages 15-49 who have ever experienced any physical or sexual violence)",Jordan,,,,,,,,,,,,,,,,,,,,,,,,,,,,,,,,,,,,,,,,,,,46.8,,,,,,67.2,,,,
"Women who never sought help to stop violence, and never told anyone  (% of ever-married women ages 15-49 who have ever experienced any physical or sexual violence)",Pakistan,,,,,,,,,,,,,,,,,,,,,,,,,,,,,,,,,,,,,,,,,,,,51.8,,,,,56.4,,,,
Women who have not experienced spousal physical or sexual violence (% of currently married women age 15-49 who have been married only once),Afghanistan,,,,,,,,,,,,,,,,,,,,,,,,,,,,,,,,,,,,,,,,,,,,,,49.4,,,,,,,
Women who have not experienced spousal physical or sexual violence (% of currently married women age 15-49 who have been married only once),Armenia,,,,,,,,,,,,,,,,,,,,,,,,,,,,,,,,,,,,,,,,,,,,,,,94.6,,,,,,
Women who have not experienced spousal physical or sexual violence (% of currently married women age 15-49 who have been married only once),Azerbaijan,,,,,,,,,,,,,,,,,,,,,,,,,,,,,,,,,,,,,89.1,,,,,,,,,,,,,,,,
Women who have not experienced spousal physical or sexual violence (% of currently married women age 15-49 who have been married only once),Jordan,,,,,,,,,,,,,,,,,,,,,,,,,,,,,,,,,,,,,,,,,,,,,,,,,83.3,,,,
Women who have not experienced spousal physical or sexual violence (% of currently married women age 15-49 who have been married only once),Pakistan,,,,,,,,,,,,,,,,,,,,,,,,,,,,,,,,,,,,,,,,,,,,74.2,,,,,77.2,,,,
Women who have experienced sexual violence committed by their husband/partner in the 12 months (% of ever-married women ages 15-49),Afghanistan,,,,,,,,,,,,,,,,,,,,,,,,,,,,,,,,,,,,,,,,,,,,,,6.1,,,,,,,
Women who have experienced sexual violence committed by their husband/partner in the 12 months (% of ever-married women ages 15-49),Armenia,,,,,,,,,,,,,,,,,,,,,,,,,,,,,,,,,,,,,,,,,,,,,,,0.3,,,,,,
Women who have experienced sexual violence committed by their husband/partner in the 12 months (% of ever-married women ages 15-49),Azerbaijan,,,,,,,,,,,,,,,,,,,,,,,,,,,,,,,,,,,,,1.9,,,,,,,,,,,,,,,,
Women who have experienced sexual violence committed by their husband/partner in the 12 months (% of ever-married women ages 15-49),Jordan,,,,,,,,,,,,,,,,,,,,,,,,,,,,,,,,,,,,,,5.6,,,,,6,,,,,,3.3,,,,
Women who have experienced sexual violence committed by their husband/partner in the 12 months (% of ever-married women ages 15-49),Pakistan,,,,,,,,,,,,,,,,,,,,,,,,,,,,,,,,,,,,,,,,,,,,,,,,,3.6,,,,
Women who have experienced physical violence committed by their husband/partner in the 12 months (% of ever-married women ages 15-49),Afghanistan,,,,,,,,,,,,,,,,,,,,,,,,,,,,,,,,,,,,,,,,,,,,,,45.8,,,,,,,
Women who have experienced physical violence committed by their husband/partner in the 12 months (% of ever-married women ages 15-49),Armenia,,,,,,,,,,,,,,,,,,,,,,,,,,,,,,,,,,,,,,,,,,,,,,,3.5,,,,,,
Women who have experienced physical violence committed by their husband/partner in the 12 months (% of ever-married women ages 15-49),Azerbaijan,,,,,,,,,,,,,,,,,,,,,,,,,,,,,,,,,,,,,9.3,,,,,,,,,,,,,,,,
Women who have experienced physical violence committed by their husband/partner in the 12 months (% of ever-married women ages 15-49),Jordan,,,,,,,,,,,,,,,,,,,,,,,,,,,,,,,,,,,,,,12.2,,,,,11.2,,,,,,12.7,,,,
Women who have experienced physical violence committed by their husband/partner in the 12 months (% of ever-married women ages 15-49),Pakistan,,,,,,,,,,,,,,,,,,,,,,,,,,,,,,,,,,,,,,,,,,,,18,,,,,13.6,,,,
Women who have experienced emotional violence committed by their husband/partner in the 12 months (% of ever-married women ages 15-49),Afghanistan,,,,,,,,,,,,,,,,,,,,,,,,,,,,,,,,,,,,,,,,,,,,,,34.4,,,,,,,
Women who have experienced emotional violence committed by their husband/partner in the 12 months (% of ever-married women ages 15-49),Armenia,,,,,,,,,,,,,,,,,,,,,,,,,,,,,,,,,,,,,,,,,,,,,,,6.4,,,,,,
Women who have experienced emotional violence committed by their husband/partner in the 12 months (% of ever-married women ages 15-49),Azerbaijan,,,,,,,,,,,,,,,,,,,,,,,,,,,,,,,,,,,,,5.6,,,,,,,,,,,,,,,,
Women who have experienced emotional violence committed by their husband/partner in the 12 months (% of ever-married women ages 15-49),Jordan,,,,,,,,,,,,,,,,,,,,,,,,,,,,,,,,,,,,,,14,,,,,17.4,,,,,,16.1,,,,
Women who have experienced emotional violence committed by their husband/partner in the 12 months (% of ever-married women ages 15-49),Pakistan,,,,,,,,,,,,,,,,,,,,,,,,,,,,,,,,,,,,,,,,,,,,28.3,,,,,20.6,,,,
Women who have ever experienced physical violence committed by their husband/partner (% of ever-married women ages 15-49),Afghanistan,,,,,,,,,,,,,,,,,,,,,,,,,,,,,,,,,,,,,,,,,,,,,,50.5,,,,,,,
Women who have ever experienced physical violence committed by their husband/partner (% of ever-married women ages 15-49),Armenia,,,,,,,,,,,,,,,,,,,,,,,,,,,,,,,,,,,,,,,,,,,,,,,8,,,,,,
Women who have ever experienced physical violence committed by their husband/partner (% of ever-married women ages 15-49),Azerbaijan,,,,,,,,,,,,,,,,,,,,,,,,,,,,,,,,,,,,,12.8,,,,,,,,,,,,,,,,
Women who have ever experienced physical violence committed by their husband/partner (% of ever-married women ages 15-49),Jordan,,,,,,,,,,,,,,,,,,,,,,,,,,,,,,,,,,,,,,20.6,,,,,21.1,,,,,,17.5,,,,
Women who have ever experienced physical violence committed by their husband/partner (% of ever-married women ages 15-49),Pakistan,,,,,,,,,,,,,,,,,,,,,,,,,,,,,,,,,,,,,,,,,,,,26.8,,,,,22.9,,,,
Women who have ever experienced emotional violence committed by their husband/partner  (% of ever-married women ages 15-49),Afghanistan,,,,,,,,,,,,,,,,,,,,,,,,,,,,,,,,,,,,,,,,,,,,,,37.3,,,,,,,
Women who have ever experienced emotional violence committed by their husband/partner  (% of ever-married women ages 15-49),Armenia,,,,,,,,,,,,,,,,,,,,,,,,,,,,,,,,,,,,,,,,,,,,,,,11.4,,,,,,
Women who have ever experienced emotional violence committed by their husband/partner  (% of ever-married women ages 15-49),Azerbaijan,,,,,,,,,,,,,,,,,,,,,,,,,,,,,,,,,,,,,6.8,,,,,,,,,,,,,,,,
Women who have ever experienced emotional violence committed by their husband/partner  (% of ever-married women ages 15-49),Jordan,,,,,,,,,,,,,,,,,,,,,,,,,,,,,,,,,,,,,,20,,,,,24.6,,,,,,20.6,,,,
Women who have ever experienced emotional violence committed by their husband/partner  (% of ever-married women ages 15-49),Pakistan,,,,,,,,,,,,,,,,,,,,,,,,,,,,,,,,,,,,,,,,,,,,32.2,,,,,25.8,,,,
Women who have ever experienced  sexual violence committed by their husband/partner  (% of ever-married women ages 15-49),Afghanistan,,,,,,,,,,,,,,,,,,,,,,,,,,,,,,,,,,,,,,,,,,,,,,7.4,,,,,,,
Women who have ever experienced  sexual violence committed by their husband/partner  (% of ever-married women ages 15-49),Armenia,,,,,,,,,,,,,,,,,,,,,,,,,,,,,,,,,,,,,,,,,,,,,,,1.1,,,,,,
Women who have ever experienced  sexual violence committed by their husband/partner  (% of ever-married women ages 15-49),Azerbaijan,,,,,,,,,,,,,,,,,,,,,,,,,,,,,,,,,,,,,2.9,,,,,,,,,,,,,,,,
Women who have ever experienced  sexual violence committed by their husband/partner  (% of ever-married women ages 15-49),Jordan,,,,,,,,,,,,,,,,,,,,,,,,,,,,,,,,,,,,,,7.6,,,,,8.6,,,,,,5.1,,,,
Women who have ever experienced  sexual violence committed by their husband/partner  (% of ever-married women ages 15-49),Pakistan,,,,,,,,,,,,,,,,,,,,,,,,,,,,,,,,,,,,,,,,,,,,,,,,,4.8,,,,
There is legislation specifically addressing domestic violence (1=yes; 0=no),Afghanistan,0,0,0,0,0,0,0,0,0,0,0,0,0,0,0,0,0,0,0,0,0,0,0,0,0,0,0,0,0,0,0,0,0,0,0,0,0,0,0,0,0,0,0,0,0,0,0,0,0,0,0,0,0
There is legislation specifically addressing domestic violence (1=yes; 0=no),Algeria,0,0,0,0,0,0,0,0,0,0,0,0,0,0,0,0,0,0,0,0,0,0,0,0,0,0,0,0,0,0,0,0,0,0,0,0,0,0,0,0,0,0,0,0,0,0,1,1,1,1,1,1,1
There is legislation specifically addressing domestic violence (1=yes; 0=no),Armenia,0,0,0,0,0,0,0,0,0,0,0,0,0,0,0,0,0,0,0,0,0,0,0,0,0,0,0,0,0,0,0,0,0,0,0,0,0,0,0,0,0,0,0,0,0,0,0,0,1,1,1,1,1
There is legislation specifically addressing domestic violence (1=yes; 0=no),Azerbaijan,0,0,0,0,0,0,0,0,0,0,0,0,0,0,0,0,0,0,0,0,0,0,0,0,0,0,0,0,0,0,0,0,0,0,0,0,0,0,0,0,0,1,1,1,1,1,1,1,1,1,1,1,1
There is legislation specifically addressing domestic violence (1=yes; 0=no),Bahrain,0,0,0,0,0,0,0,0,0,0,0,0,0,0,0,0,0,0,0,0,0,0,0,0,0,0,0,0,0,0,0,0,0,0,0,0,0,0,0,0,0,0,0,0,0,0,1,1,1,1,1,1,1
There is legislation specifically addressing domestic violence (1=yes; 0=no),Cyprus,0,0,0,0,0,0,0,0,0,0,0,0,0,0,0,0,0,0,0,0,0,0,0,0,0,1,1,1,1,1,1,1,1,1,1,1,1,1,1,1,1,1,1,1,1,1,1,1,1,1,1,1,1
There is legislation specifically addressing domestic violence (1=yes; 0=no),Djibouti,0,0,0,0,0,0,0,0,0,0,0,0,0,0,0,0,0,0,0,0,0,0,0,0,0,0,0,0,0,0,0,0,0,0,0,0,0,0,0,0,0,0,0,0,0,0,0,0,1,1,1,1,1
There is legislation specifically addressing domestic violence (1=yes; 0=no),Georgia,0,0,0,0,0,0,0,0,0,0,0,0,0,0,0,0,0,0,0,0,0,0,0,0,0,0,0,0,0,0,0,0,0,0,0,0,1,1,1,1,1,1,1,1,1,1,1,1,1,1,1,1,1
There is legislation specifically addressing domestic violence (1=yes; 0=no),Iraq,0,0,0,0,0,0,0,0,0,0,0,0,0,0,0,0,0,0,0,0,0,0,0,0,0,0,0,0,0,0,0,0,0,0,0,0,0,0,0,0,0,0,0,0,0,0,0,0,0,0,0,0,0
There is legislation specifically addressing domestic violence (1=yes; 0=no),Israel,0,0,0,0,0,0,0,0,0,0,0,0,0,0,0,0,0,0,0,0,0,1,1,1,1,1,1,1,1,1,1,1,1,1,1,1,1,1,1,1,1,1,1,1,1,1,1,1,1,1,1,1,1
There is legislation specifically addressing domestic violence (1=yes; 0=no),Jordan,0,0,0,0,0,0,0,0,0,0,0,0,0,0,0,0,0,0,0,0,0,0,0,0,0,0,0,0,0,0,0,0,0,0,0,0,0,0,1,1,1,1,1,1,1,1,1,1,1,1,1,1,1
There is legislation specifically addressing domestic violence (1=yes; 0=no),Kuwait,0,0,0,0,0,0,0,0,0,0,0,0,0,0,0,0,0,0,0,0,0,0,0,0,0,0,0,0,0,0,0,0,0,0,0,0,0,0,0,0,0,0,0,0,0,0,0,0,0,0,1,1,1
There is legislation specifically addressing domestic violence (1=yes; 0=no),Lebanon,0,0,0,0,0,0,0,0,0,0,0,0,0,0,0,0,0,0,0,0,0,0,0,0,0,0,0,0,0,0,0,0,0,0,0,0,0,0,0,0,0,0,0,0,0,1,1,1,1,1,1,1,1
There is legislation specifically addressing domestic violence (1=yes; 0=no),Libya,0,0,0,0,0,0,0,0,0,0,0,0,0,0,0,0,0,0,0,0,0,0,0,0,0,0,0,0,0,0,0,0,0,0,0,0,0,0,0,0,0,0,0,0,0,0,0,0,0,0,0,0,0
There is legislation specifically addressing domestic violence (1=yes; 0=no),Malta,0,0,0,0,0,0,0,0,0,0,0,0,0,0,0,0,0,0,0,0,0,0,0,0,0,0,0,0,0,0,0,0,0,0,0,0,1,1,1,1,1,1,1,1,1,1,1,1,1,1,1,1,1
There is legislation specifically addressing domestic violence (1=yes; 0=no),Mauritania,0,0,0,0,0,0,0,0,0,0,0,0,0,0,0,0,0,0,0,0,0,0,0,0,0,0,0,0,0,0,0,0,0,0,0,0,0,0,0,0,0,0,0,0,0,0,0,0,0,0,0,0,0
There is legislation specifically addressing domestic violence (1=yes; 0=no),Morocco,0,0,0,0,0,0,0,0,0,0,0,0,0,0,0,0,0,0,0,0,0,0,0,0,0,0,0,0,0,0,0,0,0,0,0,0,0,0,0,0,0,0,0,0,0,0,0,0,1,1,1,1,1
There is legislation specifically addressing domestic violence (1=yes; 0=no),Oman,0,0,0,0,0,0,0,0,0,0,0,0,0,0,0,0,0,0,0,0,0,0,0,0,0,0,0,0,0,0,0,0,0,0,0,0,0,0,0,0,0,0,0,0,0,0,0,0,0,0,0,0,0
There is legislation specifically addressing domestic violence (1=yes; 0=no),Pakistan,0,0,0,0,0,0,0,0,0,0,0,0,0,0,0,0,0,0,0,0,0,0,0,0,0,0,0,0,0,0,0,0,0,0,0,0,0,0,0,0,0,0,0,1,1,1,1,1,1,1,1,1,1
There is legislation specifically addressing domestic violence (1=yes; 0=no),Qatar,0,0,0,0,0,0,0,0,0,0,0,0,0,0,0,0,0,0,0,0,0,0,0,0,0,0,0,0,0,0,0,0,0,0,0,0,0,0,0,0,0,0,0,0,0,0,0,0,0,0,0,0,0
There is legislation specifically addressing domestic violence (1=yes; 0=no),Saudi Arabia,0,0,0,0,0,0,0,0,0,0,0,0,0,0,0,0,0,0,0,0,0,0,0,0,0,0,0,0,0,0,0,0,0,0,0,0,0,0,0,0,0,0,0,0,1,1,1,1,1,1,1,1,1
There is legislation specifically addressing domestic violence (1=yes; 0=no),Somalia,0,0,0,0,0,0,0,0,0,0,0,0,0,0,0,0,0,0,0,0,0,0,0,0,0,0,0,0,0,0,0,0,0,0,0,0,0,0,0,0,0,0,0,0,0,0,0,0,0,0,0,0,0
There is legislation specifically addressing domestic violence (1=yes; 0=no),Sudan,0,0,0,0,0,0,0,0,0,0,0,0,0,0,0,0,0,0,0,0,0,0,0,0,0,0,0,0,0,0,0,0,0,0,0,0,0,0,0,0,0,0,0,0,0,0,0,0,0,0,0,0,0
There is legislation specifically addressing domestic violence (1=yes; 0=no),Tunisia,0,0,0,0,0,0,0,0,0,0,0,0,0,0,0,0,0,0,0,0,0,0,0,0,0,0,0,0,0,0,0,0,0,0,0,0,0,0,0,0,0,0,0,0,0,0,0,0,1,1,1,1,1
There is legislation specifically addressing domestic violence (1=yes; 0=no),United Arab Emirates,0,0,0,0,0,0,0,0,0,0,0,0,0,0,0,0,0,0,0,0,0,0,0,0,0,0,0,0,0,0,0,0,0,0,0,0,0,0,0,0,0,0,0,0,0,0,0,0,0,1,1,1,1
"Women participating in the three decisions (own health care, major household purchases, and visiting family) (% of women age 15-49)",Afghanistan,,,,,,,,,,,,,,,,,,,,,,,,,,,,,,,,,,,,,,,,,,,,,,32.6,,,,,,,
"Women participating in the three decisions (own health care, major household purchases, and visiting family) (% of women age 15-49)",Armenia,,,,,,,,,,,,,,,,,,,,,,,,,,,,,,,50.1,,,,,71.6,,,,,81.7,,,,,,77.1,,,,,,
"Women participating in the three decisions (own health care, major household purchases, and visiting family) (% of women age 15-49)",Azerbaijan,,,,,,,,,,,,,,,,,,,,,,,,,,,,,,,,,,,,,45.1,,,,,,,,,,,,,,,,
"Women participating in the three decisions (own health care, major household purchases, and visiting family) (% of women age 15-49)",Jordan,,,,,,,,,,,,,,,,,,,,,,,,,,,,,,,,,53.1,,,,,62.4,,,,,65.1,,,,,,77.8,,,,
"Women participating in the three decisions (own health care, major household purchases, and visiting family) (% of women age 15-49)",Mauritania,,,,,,,,,,,,,,,,,,,,,,,,,,,,,,,,,,,,,,,,,,,,,,,,,,,,55.1,
"Women participating in the three decisions (own health care, major household purchases, and visiting family) (% of women age 15-49)",Morocco,,,,,,,,,,,,,,,,,,,,,,,,,,,,,,,,,,,44,,,,,,,,,,,,,,,,,,
"Women participating in the three decisions (own health care, major household purchases, and visiting family) (% of women age 15-49)",Pakistan,,,,,,,,,,,,,,,,,,,,,,,,,,,,,,,,,,,,,,,,,,,,38.2,,,,,35.8,,,,
Women who believe a husband is justified in beating his wife (any of five reasons) (%),Afghanistan,,,,,,,,,,,,,,,,,,,,,,,,,,,,,,,,,,,,,,,,,,,,,,80.2,,,,,,,
Women who believe a husband is justified in beating his wife (any of five reasons) (%),Armenia,,,,,,,,,,,,,,,,,,,,,,,,,,,,,,,32.3,,,,,22.1,,,,,9.3,,,,,,10.1,,,,,,
Women who believe a husband is justified in beating his wife (any of five reasons) (%),Azerbaijan,,,,,,,,,,,,,,,,,,,,,,,,,,,,,,,,,,,,,49,,,,,,,,,,,,,,,,
Women who believe a husband is justified in beating his wife (any of five reasons) (%),Jordan,,,,,,,,,,,,,,,,,,,,,,,,,,,,,,,,,65.4,,,,,52.5,,,,,22.6,,,,,,14.1,,,,
Women who believe a husband is justified in beating his wife (any of five reasons) (%),Mauritania,,,,,,,,,,,,,,,,,,,,,,,,,,,,,,,,,,,,,,,,,,,,,,,,,,,,27.1,
Women who believe a husband is justified in beating his wife (any of five reasons) (%),Morocco,,,,,,,,,,,,,,,,,,,,,,,,,,,,,,,,,,,63.9,,,,,,,,,,,,,,,,,,
Women who believe a husband is justified in beating his wife (any of five reasons) (%),Pakistan,,,,,,,,,,,,,,,,,,,,,,,,,,,,,,,,,,,,,,,,,,,,42.2,,,,,41.1,,,,
Women who believe a husband is justified in beating his wife when she argues with him (%),Afghanistan,,,,,,,,,,,,,,,,,,,,,,,,,,,,,,,,,,,,,,,,,,,,,,59.2,,,,,,,
Women who believe a husband is justified in beating his wife when she argues with him (%),Armenia,,,,,,,,,,,,,,,,,,,,,,,,,,,,,,,14.3,,,,,14.8,,,,,5.7,,,,,,6.1,,,,,,
Women who believe a husband is justified in beating his wife when she argues with him (%),Azerbaijan,,,,,,,,,,,,,,,,,,,,,,,,,,,,,,,,,,,,,31.3,,,,,,,,,,,,,,,,
Women who believe a husband is justified in beating his wife when she argues with him (%),Jordan,,,,,,,,,,,,,,,,,,,,,,,,,,,,,,,,,4.2,,,,,16.3,,,,,6.3,,,,,,5.9,,,,
Women who believe a husband is justified in beating his wife when she argues with him (%),Mauritania,,,,,,,,,,,,,,,,,,,,,,,,,,,,,,,,,,,,,,,,,,,,,,,,,,,,16.2,
Women who believe a husband is justified in beating his wife when she argues with him (%),Morocco,,,,,,,,,,,,,,,,,,,,,,,,,,,,,,,,,,,50.8,,,,,,,,,,,,,,,,,,
Women who believe a husband is justified in beating his wife when she argues with him (%),Pakistan,,,,,,,,,,,,,,,,,,,,,,,,,,,,,,,,,,,,,,,,,,,,33.7,,,,,31.6,,,,
Women who believe a husband is justified in beating his wife when she burns the food (%),Afghanistan,,,,,,,,,,,,,,,,,,,,,,,,,,,,,,,,,,,,,,,,,,,,,,18.2,,,,,,,
Women who believe a husband is justified in beating his wife when she burns the food (%),Armenia,,,,,,,,,,,,,,,,,,,,,,,,,,,,,,,4.9,,,,,2.1,,,,,0.3,,,,,,0.4,,,,,,
Women who believe a husband is justified in beating his wife when she burns the food (%),Azerbaijan,,,,,,,,,,,,,,,,,,,,,,,,,,,,,,,,,,,,,12.1,,,,,,,,,,,,,,,,
Women who believe a husband is justified in beating his wife when she burns the food (%),Jordan,,,,,,,,,,,,,,,,,,,,,,,,,,,,,,,,,59.5,,,,,7.7,,,,,1.8,,,,,,2.4,,,,
Women who believe a husband is justified in beating his wife when she burns the food (%),Mauritania,,,,,,,,,,,,,,,,,,,,,,,,,,,,,,,,,,,,,,,,,,,,,,,,,,,,7,
Women who believe a husband is justified in beating his wife when she burns the food (%),Morocco,,,,,,,,,,,,,,,,,,,,,,,,,,,,,,,,,,,23.6,,,,,,,,,,,,,,,,,,
Women who believe a husband is justified in beating his wife when she burns the food (%),Pakistan,,,,,,,,,,,,,,,,,,,,,,,,,,,,,,,,,,,,,,,,,,,,18.4,,,,,18.3,,,,
Women who believe a husband is justified in beating his wife when she goes out without telling him (%),Afghanistan,,,,,,,,,,,,,,,,,,,,,,,,,,,,,,,,,,,,,,,,,,,,,,66.9,,,,,,,
Women who believe a husband is justified in beating his wife when she goes out without telling him (%),Armenia,,,,,,,,,,,,,,,,,,,,,,,,,,,,,,,19.9,,,,,10.3,,,,,3.1,,,,,,5.2,,,,,,
Women who believe a husband is justified in beating his wife when she goes out without telling him (%),Azerbaijan,,,,,,,,,,,,,,,,,,,,,,,,,,,,,,,,,,,,,42.5,,,,,,,,,,,,,,,,
Women who believe a husband is justified in beating his wife when she goes out without telling him (%),Jordan,,,,,,,,,,,,,,,,,,,,,,,,,,,,,,,,,24.1,,,,,34.9,,,,,12.3,,,,,,7.2,,,,
Women who believe a husband is justified in beating his wife when she goes out without telling him (%),Mauritania,,,,,,,,,,,,,,,,,,,,,,,,,,,,,,,,,,,,,,,,,,,,,,,,,,,,16.7,
Women who believe a husband is justified in beating his wife when she goes out without telling him (%),Morocco,,,,,,,,,,,,,,,,,,,,,,,,,,,,,,,,,,,49.5,,,,,,,,,,,,,,,,,,
Women who believe a husband is justified in beating his wife when she goes out without telling him (%),Pakistan,,,,,,,,,,,,,,,,,,,,,,,,,,,,,,,,,,,,,,,,,,,,29.6,,,,,31.5,,,,
Women who believe a husband is justified in beating his wife when she neglects the children (%),Afghanistan,,,,,,,,,,,,,,,,,,,,,,,,,,,,,,,,,,,,,,,,,,,,,,48.4,,,,,,,
Women who believe a husband is justified in beating his wife when she neglects the children (%),Armenia,,,,,,,,,,,,,,,,,,,,,,,,,,,,,,,27.1,,,,,17.4,,,,,7,,,,,,8.6,,,,,,
Women who believe a husband is justified in beating his wife when she neglects the children (%),Azerbaijan,,,,,,,,,,,,,,,,,,,,,,,,,,,,,,,,,,,,,34.6,,,,,,,,,,,,,,,,
Women who believe a husband is justified in beating his wife when she neglects the children (%),Jordan,,,,,,,,,,,,,,,,,,,,,,,,,,,,,,,,,36.6,,,,,41.8,,,,,17,,,,,,6.7,,,,
Women who believe a husband is justified in beating his wife when she neglects the children (%),Mauritania,,,,,,,,,,,,,,,,,,,,,,,,,,,,,,,,,,,,,,,,,,,,,,,,,,,,16.3,
Women who believe a husband is justified in beating his wife when she neglects the children (%),Morocco,,,,,,,,,,,,,,,,,,,,,,,,,,,,,,,,,,,49.4,,,,,,,,,,,,,,,,,,
Women who believe a husband is justified in beating his wife when she neglects the children (%),Pakistan,,,,,,,,,,,,,,,,,,,,,,,,,,,,,,,,,,,,,,,,,,,,31.1,,,,,27.8,,,,
Women who believe a husband is justified in beating his wife when she refuses sex with him (%),Afghanistan,,,,,,,,,,,,,,,,,,,,,,,,,,,,,,,,,,,,,,,,,,,,,,33.4,,,,,,,
Women who believe a husband is justified in beating his wife when she refuses sex with him (%),Armenia,,,,,,,,,,,,,,,,,,,,,,,,,,,,,,,6.5,,,,,3.7,,,,,1.2,,,,,,0.8,,,,,,
Women who believe a husband is justified in beating his wife when she refuses sex with him (%),Azerbaijan,,,,,,,,,,,,,,,,,,,,,,,,,,,,,,,,,,,,,14.2,,,,,,,,,,,,,,,,
Women who believe a husband is justified in beating his wife when she refuses sex with him (%),Mauritania,,,,,,,,,,,,,,,,,,,,,,,,,,,,,,,,,,,,,,,,,,,,,,,,,,,,20.2,
Women who believe a husband is justified in beating his wife when she refuses sex with him (%),Morocco,,,,,,,,,,,,,,,,,,,,,,,,,,,,,,,,,,,42.8,,,,,,,,,,,,,,,,,,
Women who believe a husband is justified in beating his wife when she refuses sex with him (%),Pakistan,,,,,,,,,,,,,,,,,,,,,,,,,,,,,,,,,,,,,,,,,,,,30.6,,,,,27.4,,,,
Women who believe a wife is justified refusing sex with her husband for all of the reasons (%),Armenia,,,,,,,,,,,,,,,,,,,,,,,,,,,,,,,57.7,,,,,,,,,,,,,,,,,,,,,,
Women who believe a wife is justified refusing sex with her husband for all of the reasons (%),Morocco,,,,,,,,,,,,,,,,,,,,,,,,,,,,,,,,,,,16.2,,,,,,,,,,,,,,,,,,
Women who believe a wife is justified refusing sex with her husband for none of the reasons (%),Armenia,,,,,,,,,,,,,,,,,,,,,,,,,,,,,,,8.8,,,,,,,,,,,,,,,,,,,,,,
Women who believe a wife is justified refusing sex with her husband for none of the reasons (%),Morocco,,,,,,,,,,,,,,,,,,,,,,,,,,,,,,,,,,,1.5,,,,,,,,,,,,,,,,,,
Women who believe a wife is justified refusing sex with her husband if she has recently given birth (%),Armenia,,,,,,,,,,,,,,,,,,,,,,,,,,,,,,,79.1,,,,,,,,,,,,,,,,,,,,,,
Women who believe a wife is justified refusing sex with her husband if she has recently given birth (%),Jordan,,,,,,,,,,,,,,,,,,,,,,,,,,,,,,,,,95.3,,,,,,,,,,,,,,,,,,,,
Women who believe a wife is justified refusing sex with her husband if she has recently given birth (%),Morocco,,,,,,,,,,,,,,,,,,,,,,,,,,,,,,,,,,,22.3,,,,,,,,,,,,,,,,,,
Women who believe a wife is justified refusing sex with her husband if she is tired or not in the mood (%),Armenia,,,,,,,,,,,,,,,,,,,,,,,,,,,,,,,65.6,,,,,59,,,,,,,,,,,,,,,,,
Women who believe a wife is justified refusing sex with her husband if she is tired or not in the mood (%),Azerbaijan,,,,,,,,,,,,,,,,,,,,,,,,,,,,,,,,,,,,,70.4,,,,,,,,,,,,,,,,
Women who believe a wife is justified refusing sex with her husband if she is tired or not in the mood (%),Jordan,,,,,,,,,,,,,,,,,,,,,,,,,,,,,,,,,68.7,,,,,74.5,,,,,,,,,,,76.2,,,,
Women who believe a wife is justified refusing sex with her husband if she is tired or not in the mood (%),Morocco,,,,,,,,,,,,,,,,,,,,,,,,,,,,,,,,,,,34,,,,,,,,,,,,,,,,,,
Women who believe a wife is justified refusing sex with her husband if she knows he has sex with other women (%),Afghanistan,,,,,,,,,,,,,,,,,,,,,,,,,,,,,,,,,,,,,,,,,,,,,,53.9,,,,,,,
Women who believe a wife is justified refusing sex with her husband if she knows he has sex with other women (%),Armenia,,,,,,,,,,,,,,,,,,,,,,,,,,,,,,,81.3,,,,,81.8,,,,,81.8,,,,,,84.5,,,,,,
Women who believe a wife is justified refusing sex with her husband if she knows he has sex with other women (%),Azerbaijan,,,,,,,,,,,,,,,,,,,,,,,,,,,,,,,,,,,,,78.5,,,,,,,,,,,,,,,,
Women who believe a wife is justified refusing sex with her husband if she knows he has sex with other women (%),Jordan,,,,,,,,,,,,,,,,,,,,,,,,,,,,,,,,,,,,,,94.5,,,,,94.1,,,,,,85.1,,,,
Women who believe a wife is justified refusing sex with her husband if she knows he has sex with other women (%),Mauritania,,,,,,,,,,,,,,,,,,,,,,,,,,,,,,,,,,,,,,,,,,,,,,,,,,,,58.7,
Women who believe a wife is justified refusing sex with her husband if she knows he has sex with other women (%),Morocco,,,,,,,,,,,,,,,,,,,,,,,,,,,,,,,,,,,52.4,,,,,,,,,,,,,,,,,,
Women who believe a wife is justified refusing sex with her husband if she knows he has sex with other women (%),Pakistan,,,,,,,,,,,,,,,,,,,,,,,,,,,,,,,,,,,,,,,,,,,,,,,,,57.5,,,,
Women who believe a wife is justified refusing sex with her husband if she knows he has sexually transmitted disease (%),Afghanistan,,,,,,,,,,,,,,,,,,,,,,,,,,,,,,,,,,,,,,,,,,,,,,58.5,,,,,,,
Women who believe a wife is justified refusing sex with her husband if she knows he has sexually transmitted disease (%),Armenia,,,,,,,,,,,,,,,,,,,,,,,,,,,,,,,88.6,,,,,87.9,,,,,,,,,,,,,,,,,
Women who believe a wife is justified refusing sex with her husband if she knows he has sexually transmitted disease (%),Azerbaijan,,,,,,,,,,,,,,,,,,,,,,,,,,,,,,,,,,,,,77.6,,,,,,,,,,,,,,,,
Women who believe a wife is justified refusing sex with her husband if she knows he has sexually transmitted disease (%),Jordan,,,,,,,,,,,,,,,,,,,,,,,,,,,,,,,,,94.4,,,,,97.1,,,,,,,,,,,,,,,
Women who believe a wife is justified refusing sex with her husband if she knows he has sexually transmitted disease (%),Morocco,,,,,,,,,,,,,,,,,,,,,,,,,,,,,,,,,,,54.6,,,,,,,,,,,,,,,,,,
Women who believe that female genital mutilation should not be continued (% of women ages 15-49 who have heard about FGM),Mauritania,,,,,,,,,,,,,,,,,,,,,,,,,,,,,,,,22.5,,,,,,,,,,,,,,,,,,,,,
Women who believe that female genital mutilation should not be continued (% of women ages 15-49 who have heard about FGM),Sudan,,,,,,,,,,,,,,,,,,,,,21.4,,,,,,,,,,,,,,,,,,,,,,,,,,,,,,,,
Women whose husband or partner has ever demonstrated controlling behaviors (% of ever-married women ages 15-49),Afghanistan,,,,,,,,,,,,,,,,,,,,,,,,,,,,,,,,,,,,,,,,,,,,,,23,,,,,,,
Women whose husband or partner has ever demonstrated controlling behaviors (% of ever-married women ages 15-49),Armenia,,,,,,,,,,,,,,,,,,,,,,,,,,,,,,,,,,,,,,,,,,,,,,,7.7,,,,,,
Women whose husband or partner has ever demonstrated controlling behaviors (% of ever-married women ages 15-49),Azerbaijan,,,,,,,,,,,,,,,,,,,,,,,,,,,,,,,,,,,,,33.1,,,,,,,,,,,,,,,,
Women whose husband or partner has ever demonstrated controlling behaviors (% of ever-married women ages 15-49),Jordan,,,,,,,,,,,,,,,,,,,,,,,,,,,,,,,,,,,,,,,,,,,13,,,,,,14.5,,,,
Women whose husband or partner has ever demonstrated controlling behaviors (% of ever-married women ages 15-49),Pakistan,,,,,,,,,,,,,,,,,,,,,,,,,,,,,,,,,,,,,,,,,,,,7.8,,,,,7.8,,,,
